-- phpMyAdmin SQL Dump
-- version 5.2.1
-- https://www.phpmyadmin.net/
--
-- Servidor: 127.0.0.1
-- Tiempo de generación: 01-04-2026 a las 18:23:04
-- Versión del servidor: 10.4.32-MariaDB
-- Versión de PHP: 8.2.12

SET SQL_MODE = "NO_AUTO_VALUE_ON_ZERO";
START TRANSACTION;
SET time_zone = "+00:00";


/*!40101 SET @OLD_CHARACTER_SET_CLIENT=@@CHARACTER_SET_CLIENT */;
/*!40101 SET @OLD_CHARACTER_SET_RESULTS=@@CHARACTER_SET_RESULTS */;
/*!40101 SET @OLD_COLLATION_CONNECTION=@@COLLATION_CONNECTION */;
/*!40101 SET NAMES utf8mb4 */;

--
-- Base de datos: `sigu_proyecto`
--

-- --------------------------------------------------------

--
-- Estructura de tabla para la tabla `afiliacion`
--

CREATE TABLE `afiliacion` (
  `id` bigint(20) UNSIGNED NOT NULL,
  `placa` varchar(15) NOT NULL,
  `NIT` bigint(20) UNSIGNED NOT NULL,
  `fecha_inicio` date NOT NULL,
  `fecha_fin` date DEFAULT NULL,
  `id_estado` tinyint(3) UNSIGNED NOT NULL
) ENGINE=InnoDB DEFAULT CHARSET=utf8mb4 COLLATE=utf8mb4_unicode_ci;

-- --------------------------------------------------------

--
-- Estructura de tabla para la tabla `asignacion`
--

CREATE TABLE `asignacion` (
  `id_asignacion` int(11) NOT NULL,
  `id_tipo_asignacion` tinyint(4) DEFAULT NULL,
  `placa` varchar(15) DEFAULT NULL,
  `doc_usuario` bigint(20) UNSIGNED DEFAULT NULL,
  `id_ruta` int(11) DEFAULT NULL,
  `fecha_inicio` date DEFAULT NULL,
  `fecha_fin` date DEFAULT NULL,
  `id_estado` tinyint(3) UNSIGNED DEFAULT NULL,
  `NIT` bigint(20) DEFAULT NULL
) ENGINE=InnoDB DEFAULT CHARSET=utf8mb4 COLLATE=utf8mb4_unicode_ci;

-- --------------------------------------------------------

--
-- Estructura de tabla para la tabla `barrio`
--

CREATE TABLE `barrio` (
  `id_barrio` int(11) NOT NULL,
  `nombre` varchar(100) NOT NULL,
  `id_ciudad` char(6) NOT NULL,
  `latitud` decimal(10,8) DEFAULT NULL,
  `longitud` decimal(11,8) DEFAULT NULL
) ENGINE=InnoDB DEFAULT CHARSET=utf8mb4 COLLATE=utf8mb4_unicode_ci;

--
-- Volcado de datos para la tabla `barrio`
--

INSERT INTO `barrio` (`id_barrio`, `nombre`, `id_ciudad`, `latitud`, `longitud`) VALUES
(1, 'AUGUSTO E MEDINA', '730001', 4.45380950, -75.24649900),
(2, 'BALTAZAR', '730001', 4.44264030, -75.24459210),
(3, 'CENTRO', '730001', 4.44199350, -75.23664160),
(4, 'COMBEIMA', '730001', 4.44113410, -75.24378280),
(5, 'ESTACION', '730001', 4.43915650, -75.23061660),
(6, 'INTERLAKEN', '730001', 4.44445340, -75.23422520),
(7, 'LA POLA', '730001', 4.44715980, -75.24495430),
(8, 'LIBERTADOR', '730001', 4.44693020, -75.24765570),
(9, 'POLA PARTE ALTA', '730001', 4.44684580, -75.24421920),
(10, 'PUEBLO NUEVO', '730001', 4.44608060, -75.23771150),
(11, 'SAN PEDRO ALEJANDRINO', '730001', 4.43558820, -75.23152240),
(12, '20 DE JULIO', '730001', 4.45378170, -75.23970710),
(13, '7 DE AGOSTO', '730001', 4.45343000, -75.23642670),
(14, 'ALASKA', '730001', 4.45642520, -75.24602680),
(15, 'ANCON', '730001', 4.45168750, -75.23461030),
(16, 'BELEN', '730001', 4.45114510, -75.24305630),
(17, 'BELENCITO', '730001', 4.45034440, -75.23847310),
(18, 'BELENCITO', '730001', 4.45034440, -75.23847310),
(19, 'CENTENARIO', '730001', 4.44760970, -75.23909130),
(20, 'CERRO PAN DE AZUCAR', '730001', 4.43890000, -75.23220000),
(21, 'CLARITA BOTERO', '730001', 4.45820100, -75.23599020),
(22, 'LA AURORA', '730001', 4.62604660, -75.39602530),
(23, 'LA PAZ', '730001', 4.46049970, -75.23499590),
(24, 'LA SOFIA', '730001', 4.45413100, -75.24272820),
(25, 'LA TRINIDAD', '730001', 4.45098480, -75.23313380),
(26, 'MALAVAR', '730001', 4.43890000, -75.23220000),
(27, 'PARAISO', '730001', 4.45342050, -75.23360730),
(28, 'SAN DIEGO', '730001', 4.45265220, -75.24181270),
(29, 'SANTA BARBARA', '730001', 4.45477220, -75.24382770),
(30, 'SANTA CRUZ', '730001', 4.45685560, -75.24393680),
(31, 'VI BRIGADA', '730001', 4.43890000, -75.23220000),
(32, 'VIDA DE CALAMBEO', '730001', 4.43890000, -75.23220000),
(33, 'VILLA ADRIANA', '730001', 4.45558450, -75.24493830),
(34, 'ANTONIO NARIÑO', '730001', 4.44490550, -75.22127490),
(35, 'BELALCAZAR', '730001', 4.44140860, -75.22464130),
(36, 'CALAMBEO', '730001', 4.45852820, -75.22472030),
(37, 'CARMENZA ROCHA', '730001', 4.44113700, -75.22151250),
(38, 'EL CARMEN', '730001', 4.44328510, -75.23263180),
(39, 'FENALCO', '730001', 4.44447520, -75.22285720),
(40, 'GAITAN PARTE ALTA', '730001', 4.44365190, -75.21638320),
(41, 'INEM', '730001', 4.44543920, -75.22994360),
(42, 'LA ESPERANZA', '730001', 4.44798010, -75.18099750),
(43, 'LA GRANJA', '730001', 4.44294550, -75.22461530),
(44, 'LAS ACACIAS', '730001', 4.43576550, -75.21689080),
(45, 'SAN SIMON PARTE ALTA', '730001', 4.44079440, -75.21961280),
(46, 'SAN SIMON PARTE BAJA', '730001', 4.42404970, -75.28002880),
(47, 'VILLA ILUSION', '730001', 4.43985420, -75.21721540),
(48, 'VILLA PINZON', '730001', 4.44667420, -75.21593680),
(49, 'VILLA VALENTINA', '730001', 4.44085800, -75.21694470),
(50, 'VIVEROS', '730001', 4.44551100, -75.21975660),
(51, 'ALFONZO LOPEZ', '730001', 4.43890000, -75.23220000),
(52, 'CALARCA', '730001', 4.43976940, -75.20933420),
(53, 'CAMBULOS', '730001', 4.44076250, -75.21345580),
(54, 'CARACOLI', '730001', 4.44044410, -75.21493640),
(55, 'CASTILLA', '730001', 4.44408020, -75.20965730),
(56, 'GAITAN', '730001', 4.44249620, -75.21553440),
(57, 'JAKARANDA', '730001', 4.43890000, -75.23220000),
(58, 'JESUS MARIA CORDOBA', '730001', 4.43890000, -75.23220000),
(59, 'JOSE MARIA CORDOBA PARTE BAJA', '730001', 4.43890000, -75.23220000),
(60, 'LIMONAR', '730001', 4.43656520, -75.20399210),
(61, 'LIMONAR V SECTOR', '730001', 4.43761280, -75.20750850),
(62, 'ONZAGA', '730001', 4.44462750, -75.20812550),
(63, 'PIEDRA PINTADA', '730001', 4.43436060, -75.20826520),
(64, 'PIJAO', '730001', 4.44302520, -75.21072650),
(65, 'RESTREPO', '730001', 4.43816590, -75.21232280),
(66, 'RINCON PIEDRA PINTADA', '730001', 4.43912040, -75.20507490),
(67, 'SAN CARLOS', '730001', 4.43984930, -75.21163880),
(68, 'SAN LUIS', '730001', 4.44595710, -75.20957580),
(69, 'SORRENTO', '730001', 4.44810830, -75.21115800),
(70, 'TOSCANA', '730001', 4.44070010, -75.20522340),
(71, 'TRIUNFO', '730001', 4.44497920, -75.21121580),
(72, 'VILLA MARLE II', '730001', 4.43890000, -75.23220000),
(73, 'VILLA MARLEN I', '730001', 4.43657470, -75.20881070),
(74, 'VILLA TEREZA', '730001', 4.43940210, -75.21641700),
(75, '4 ETAPA DEL JORDAN', '730001', 4.44190180, -75.19694880),
(76, '6 ETAPA DEL JORDAN', '730001', 4.43694090, -75.20245530),
(77, '7 ETAPA DEL JORDAN', '730001', 4.44137190, -75.19718160),
(78, '8 ETAPA DEL JORDAN', '730001', 4.44141390, -75.19696250),
(79, '9 ETAPA DEL JORDAN', '730001', 4.44148750, -75.19673400),
(80, 'ANDALUCIA', '730001', 4.44309060, -75.18648470),
(81, 'ARBOLEDA MARGARITAS', '730001', 4.43890000, -75.23220000),
(82, 'ARKACENTRO', '730001', 4.43736890, -75.20003510),
(83, 'ARKAMONICA', '730001', 4.44193090, -75.20364320),
(84, 'ARRAYANES', '730001', 4.43935820, -75.19191340),
(85, 'CALATAYUD', '730001', 4.44317890, -75.18958900),
(86, 'CONJUNTO RESIDENCIAL LA ALAMEDA', '730001', 4.43890000, -75.23220000),
(87, 'CORDOBITA', '730001', 4.43890000, -75.23220000),
(88, 'EL EDEN', '730001', 4.44419910, -75.19868810),
(89, 'LA CAMPIÑA', '730001', 4.44278150, -75.19089520),
(90, 'LA LADERA', '730001', 4.44220200, -75.18750210),
(91, 'LAS MARGARITAS', '730001', 4.44104800, -75.18701140),
(92, 'LAS ORQUIDEAS', '730001', 4.44498950, -75.19446740),
(93, 'MACADAMIA', '730001', 4.44004450, -75.20102860),
(94, 'MULTIFAMILIARES EL JORDAN', '730001', 4.44125160, -75.19854820),
(95, 'MULTIFAMILIARES LAS MARGARITAS', '730001', 4.44154980, -75.18426220),
(96, 'PRADOS DEL NORTE', '730001', 4.44092830, -75.20374620),
(97, 'RINCON DE LA CAMPIÑA', '730001', 4.44134010, -75.18851230),
(98, 'SAN JACINTO', '730001', 4.43874440, -75.20025710),
(99, 'TORRE LADERA', '730001', 4.43890000, -75.23220000),
(100, 'URB. AIMARA I', '730001', 4.43890000, -75.23220000),
(101, 'URB. AIMARA II', '730001', 4.43890000, -75.23220000),
(102, 'URB. RINCON DE LAS MARGARITAS', '730001', 4.43890000, -75.23220000),
(103, 'URBANIZACION LOS COBOS', '730001', 4.43890000, -75.23220000),
(104, 'URBANIZACION MILENIUM I Y II', '730001', 4.43890000, -75.23220000),
(105, 'URBANIZACION YACAIRA', '730001', 4.43890000, -75.23220000),
(106, 'URBANIZACION LOS PARRALES', '730001', 4.43890000, -75.23220000),
(107, 'AGUA VIVA', '730001', 4.43890000, -75.23220000),
(108, 'ALTOS DE SAN FRANCISCO', '730001', 4.44481190, -75.18877960),
(109, 'BALCONES DEL VERGEL', '730001', 4.44882530, -75.19582080),
(110, 'BOSQUES DEL VERGEL', '730001', 4.43890000, -75.23220000),
(111, 'BRISAS DEL PEDREGAL', '730001', 4.44382000, -75.18782610),
(112, 'CAÑAVERAL I', '730001', 4.44773000, -75.18346390),
(113, 'CAÑAVERAL II', '730001', 4.45072120, -75.18548870),
(114, 'CAMINOS DE JUAN PABLO II', '730001', 4.43890000, -75.23220000),
(115, 'CAMINOS DE SAN FRANCISCO', '730001', 4.44489340, -75.19025060),
(116, 'CAMINOS DEL VERGEL', '730001', 4.43890000, -75.23220000),
(117, 'CONDOMINIO RONDA DEL VERGEL', '730001', 4.43890000, -75.23220000),
(118, 'CONDOMINIO TIERRA ALTA', '730001', 4.43890000, -75.23220000),
(119, 'CONJUNTO CERRADO AMBALA', '730001', 4.43890000, -75.23220000),
(120, 'CONJUNTO CERRADO LOS BALSOS', '730001', 4.43890000, -75.23220000),
(121, 'EL MIRADOR', '730001', 4.32701500, -75.21319960),
(122, 'EL TRIUNFO', '730001', 4.46061720, -75.20300780),
(123, 'ESTANCIA DEL VERGEL', '730001', 4.43890000, -75.23220000),
(124, 'FUENTE DE LOS ROSALES', '730001', 4.45185260, -75.20092570),
(125, 'FUENTE DE LOS ROSALES II', '730001', 4.45185260, -75.20092570),
(126, 'LA BALSA', '730001', 4.44917200, -75.19054670),
(127, 'LA ESPERANZA', '730001', 4.44798010, -75.18099750),
(128, 'LA GAVIOTA', '730001', 4.45313850, -75.18049610),
(129, 'LAS DELICIAS', '730001', 4.36664290, -75.30222900),
(130, 'LOS ALPES', '730001', 4.45667480, -75.20299440),
(131, 'LOS ANGELES', '730001', 4.45591750, -75.20322190),
(132, 'LOS CIRUELOS', '730001', 4.41529670, -75.29156660),
(133, 'LOS MANDARINOS', '730001', 4.43890000, -75.23220000),
(134, 'MONTEMADERO', '730001', 4.44840240, -75.19690590),
(135, 'MONTEVERDE DEL VERGEL', '730001', 4.45195070, -75.19185340),
(136, 'PALMA DEL VERGEL', '730001', 4.45044750, -75.18912560),
(137, 'PASEO DE SAN FRANCISCO', '730001', 4.44475290, -75.18939110),
(138, 'PLAZAS DEL BOSQUE', '730001', 4.44743570, -75.19778750),
(139, 'PORTAL DEL VERGEL', '730001', 4.44538020, -75.19587730),
(140, 'PRIMAVERA DE ENTRE RIOS', '730001', 4.43890000, -75.23220000),
(141, 'RESERVAS DEL PEDREGAL', '730001', 4.44479790, -75.18589430),
(142, 'RINCON DE SAN FRANCISCO', '730001', 4.44389450, -75.18868250),
(143, 'RINCON DEL PEDREGAL I', '730001', 4.44581950, -75.18645210),
(144, 'RINCON DEL PEDREGAL II', '730001', 4.44472560, -75.18501900),
(145, 'RINCON DEL VERGEL', '730001', 4.44990940, -75.19245030),
(146, 'SAN ANTONIO', '730001', 4.36597300, -75.33277910),
(147, 'TIERRA LINDA DEL VERGEL', '730001', 4.44712370, -75.18858260),
(148, 'TORRE FUENTE DE LOS ROSALES', '730001', 4.43890000, -75.23220000),
(149, 'TORRES DE LA CALLEJA', '730001', 4.43890000, -75.23220000),
(150, 'URB ARKALA I', '730001', 4.43890000, -75.23220000),
(151, 'URB ARKAMBUCO I', '730001', 4.43890000, -75.23220000),
(152, 'URB COLINAS DEL NORTE', '730001', 4.43890000, -75.23220000),
(153, 'URB PEDREGAL', '730001', 4.43890000, -75.23220000),
(154, 'URB VILLA PATRICIA', '730001', 4.43890000, -75.23220000),
(155, 'URB. ALTOS DE AMBALA', '730001', 4.43890000, -75.23220000),
(156, 'URB. ALTOS DEL PEDREGAL', '730001', 4.43890000, -75.23220000),
(157, 'URB. AMBALA', '730001', 4.43890000, -75.23220000),
(158, 'URB. ANTARES I', '730001', 4.43890000, -75.23220000),
(159, 'URB. ANTARES II', '730001', 4.43890000, -75.23220000),
(160, 'URB. ARKALA II', '730001', 4.43890000, -75.23220000),
(161, 'URB. CHICALA', '730001', 4.43890000, -75.23220000),
(162, 'URB. ENTRE RIOS', '730001', 4.43890000, -75.23220000),
(163, 'URB. ENTRE RIOS II', '730001', 4.43890000, -75.23220000),
(164, 'URB. FUENTE DE LOS ROSALES I', '730001', 4.43890000, -75.23220000),
(165, 'URB. GIRASOL', '730001', 4.43890000, -75.23220000),
(166, 'URB. IBAGUE 2000', '730001', 4.43896130, -75.18174560),
(167, 'URB. LOS CAMBULOS', '730001', 4.43890000, -75.23220000),
(168, 'URB. LOS GUALANDAYES', '730001', 4.43890000, -75.23220000),
(169, 'URB. VILLA VANESA', '730001', 4.43890000, -75.23220000),
(170, 'VILLA GLORIA', '730001', 4.43890000, -75.23220000),
(171, 'ALAMOS', '730001', 4.43890000, -75.23220000),
(172, 'CHICO', '730001', 4.43890000, -75.23220000),
(173, 'EL SALADO', '730001', 4.45545000, -75.12289400),
(174, 'HACIENDA EL RECREO', '730001', 4.43890000, -75.23220000),
(175, 'LOS MUSICOS', '730001', 4.43890000, -75.23220000),
(176, 'MIRADOR DE CANTABRIA', '730001', 4.45094870, -75.16152220),
(177, 'MODELIA I', '730001', 4.45199900, -75.13308540),
(178, 'MODELIA II', '730001', 4.45199900, -75.13308540),
(179, 'NUEVA BILBAO', '730001', 4.43890000, -75.23220000),
(180, 'PEDRO IGNACIO VILLAMARIN', '730001', 4.43890000, -75.23220000),
(181, 'ROSALES DE TAHILANDIA', '730001', 4.44996320, -75.16438140),
(182, 'SANTA ANA', '730001', 4.44443350, -75.16550250),
(183, 'SECTOR LOS ALPES', '730001', 4.43890000, -75.23220000),
(184, 'TIMAKA', '730001', 4.45530790, -75.13505500),
(185, 'URB. SANTA COLOMA', '730001', 4.44734850, -75.16389610),
(186, 'URB. ALAMEDA', '730001', 4.43890000, -75.23220000),
(187, 'URB. ALBERTO LLERAS C.', '730001', 4.43890000, -75.23220000),
(188, 'URB. AMBIKAIMA', '730001', 4.43890000, -75.23220000),
(189, 'URB. CANTABRIA', '730001', 4.43890000, -75.23220000),
(190, 'URB. COMFATOLIMA', '730001', 4.43890000, -75.23220000),
(191, 'URB. DIANA MILADY', '730001', 4.43890000, -75.23220000),
(192, 'URB. EL DORADO', '730001', 4.43890000, -75.23220000),
(193, 'URB. EL LIMON', '730001', 4.43890000, -75.23220000),
(194, 'URB. EL PALMAR', '730001', 4.43890000, -75.23220000),
(195, 'URB. FUENTE DEL SALADO', '730001', 4.43890000, -75.23220000),
(196, 'URB. FUENTE SANTA', '730001', 4.43890000, -75.23220000),
(197, 'URB. LA CABAÑA', '730001', 4.44855720, -75.16460380),
(198, 'URB. LA CABAÑA', '730001', 4.44855720, -75.16460380),
(199, 'URB. LA CANDELARIA', '730001', 4.43890000, -75.23220000),
(200, 'URB. LA FLORESTA', '730001', 4.44951600, -75.16200950),
(201, 'URB. LA VICTORIA', '730001', 4.43890000, -75.23220000),
(202, 'URB. LADY DI', '730001', 4.43890000, -75.23220000),
(203, 'URB. LOS LAGOS', '730001', 4.43890000, -75.23220000),
(204, 'URB. MONTE CARLOS II', '730001', 4.43890000, -75.23220000),
(205, 'URB. OVIEDO', '730001', 4.43890000, -75.23220000),
(206, 'URB. PACANDE', '730001', 4.44946900, -75.16676170),
(207, 'URB. PALMA DEL RIO', '730001', 4.43890000, -75.23220000),
(208, 'URB. PALO GRANDE', '730001', 4.43890000, -75.23220000),
(209, 'URB. PORTALES DEL NORTE', '730001', 4.43890000, -75.23220000),
(210, 'URB. PRADERAS DEL NORTE', '730001', 4.44992970, -75.16341940),
(211, 'URB. RESERVAS DE CANTABRIA', '730001', 4.43890000, -75.23220000),
(212, 'URB. SAN LUIS', '730001', 4.44983040, -75.16372710),
(213, 'URB. SAN LUIS GONZAGA', '730001', 4.44983040, -75.16372710),
(214, 'URB. SAN LUISO', '730001', 4.43890000, -75.23220000),
(215, 'URB. SAN PABLO', '730001', 4.44817900, -75.16008740),
(216, 'URB. SAN SEBASTIAN', '730001', 4.43890000, -75.23220000),
(217, 'URB. SANTA CATALINA I', '730001', 4.43890000, -75.23220000),
(218, 'URB. SANTA MONICA', '730001', 4.43890000, -75.23220000),
(219, 'URB. SHADDI', '730001', 4.43890000, -75.23220000),
(220, 'URB. TERRITORIO DE PAZ', '730001', 4.43890000, -75.23220000),
(221, 'URB. TIERRA FIRME', '730001', 4.43890000, -75.23220000),
(222, 'URB. VILLA BRASILIA', '730001', 4.43890000, -75.23220000),
(223, 'URB. VILLA CAMILA', '730001', 4.43890000, -75.23220000),
(224, 'URB. VILLA CINDY', '730001', 4.43890000, -75.23220000),
(225, 'URB. VILLA CLARA I', '730001', 4.43890000, -75.23220000),
(226, 'URB. VILLA CLARA II', '730001', 4.43890000, -75.23220000),
(227, 'URB. VILLA JULIETA', '730001', 4.44826890, -75.16411740),
(228, 'URB. VILLA ROCIO', '730001', 4.44746490, -75.16026150),
(229, 'URB. VILLA SULAY', '730001', 4.43890000, -75.23220000),
(230, 'URB. LA CEIBA NORTE', '730001', 4.43890000, -75.23220000),
(231, 'VILLA MARTHA', '730001', 4.43890000, -75.23220000),
(232, 'VILLA SALOME', '730001', 4.43890000, -75.23220000),
(233, 'VILLA SUIZA', '730001', 4.45032020, -75.16092670),
(234, 'ATOLSURE', '730001', 4.43895080, -75.18122110),
(235, 'CAMINOS DEL BOSQUE', '730001', 4.43890000, -75.23220000),
(236, 'CIUDADELA SIMON BOLIVAR I', '730001', 4.43488130, -75.17616140),
(237, 'CIUDADELA SIMON BOLIVAR II', '730001', 4.43488130, -75.17616140),
(238, 'CIUDADELA SIMON BOLIVAR III', '730001', 4.43890000, -75.23220000),
(239, 'CONJ. RESIDENCIAL SAN JOAQUIN', '730001', 4.43890000, -75.23220000),
(240, 'EL BUNDE I, II Y III', '730001', 4.43890000, -75.23220000),
(241, 'EL BUNDE IV', '730001', 4.44051540, -75.18139880),
(242, 'GERMAN HUERTAS', '730001', 4.43890000, -75.23220000),
(243, 'JARDIN I', '730001', 4.43831080, -75.17786930),
(244, 'JARDIN III', '730001', 4.43890000, -75.23220000),
(245, 'JARDIN PARTE BAJA', '730001', 4.43890000, -75.23220000),
(246, 'JARDIN SANTANDER I, II Y III', '730001', 4.43890000, -75.23220000),
(247, 'JARDIN VALPARAISO', '730001', 4.43890000, -75.23220000),
(248, 'LA CIMA I', '730001', 4.43424600, -75.17018750),
(249, 'LA CIMA II', '730001', 4.43424600, -75.17018750),
(250, 'MUSICALIA', '730001', 4.43684830, -75.17969890),
(251, 'PALERMO', '730001', 4.43624600, -75.18534050),
(252, 'PORTAL DEL JARDIN', '730001', 4.44116420, -75.17681310),
(253, 'RESERVAS DEL JARDIN', '730001', 4.43937700, -75.17642480),
(254, 'ROBERTO AUGUSTO CALDERON', '730001', 4.43890000, -75.23220000),
(255, 'SAN GELATO', '730001', 4.43890000, -75.23220000),
(256, 'TOPACIO', '730001', 4.44328670, -75.16926370),
(257, 'TULIO VARON', '730001', 4.43752880, -75.17901850),
(258, 'UNIDAD RESIDENCIAL CARABINEROS', '730001', 4.43890000, -75.23220000),
(259, 'URB. 2 DE JUNIO', '730001', 4.43890000, -75.23220000),
(260, 'URB. AGUA MARINA', '730001', 4.43890000, -75.23220000),
(261, 'URB. ALTOS DE VASCONIA', '730001', 4.43890000, -75.23220000),
(262, 'URB. ANTONIO MARIA', '730001', 4.43890000, -75.23220000),
(263, 'URB. BRISAS DE VASCONIA', '730001', 4.43890000, -75.23220000),
(264, 'URB. BUENAVENTURA GARCIA', '730001', 4.43890000, -75.23220000),
(265, 'URB. CIUDAD BLANCA', '730001', 4.43890000, -75.23220000),
(266, 'URB. EL PALMAR I', '730001', 4.43890000, -75.23220000),
(267, 'URB. EL PALMAR II', '730001', 4.43890000, -75.23220000),
(268, 'URB. EL PRADO I', '730001', 4.43890000, -75.23220000),
(269, 'URB. EL PRADO II', '730001', 4.43890000, -75.23220000),
(270, 'URB. JARDIN ATOLSURE', '730001', 4.43896130, -75.18174560),
(271, 'URB. JARDIN AV', '730001', 4.43890000, -75.23220000),
(272, 'URB. JARDIN CHIPALO', '730001', 4.43890000, -75.23220000),
(273, 'URB. JARDIN CHIPALO II', '730001', 4.43890000, -75.23220000),
(274, 'URB. JARDIN II', '730001', 4.43890000, -75.23220000),
(275, 'URB. JARDIN PORVENIR', '730001', 4.43890000, -75.23220000),
(276, 'URB. JARDIN VI', '730001', 4.43890000, -75.23220000),
(277, 'URB. JARDINES DEL CAMPO', '730001', 4.43890000, -75.23220000),
(278, 'URB. LA ESMERALDA', '730001', 4.43890000, -75.23220000),
(279, 'URB. LAS ACACIAS', '730001', 4.43890000, -75.23220000),
(280, 'URB. LOS COMUNEROS', '730001', 4.43896130, -75.18174560),
(281, 'URB. LOS LAURELES', '730001', 4.43890000, -75.23220000),
(282, 'URB. LOS PINOS', '730001', 4.43890000, -75.23220000),
(283, 'URB. NUEVA CASTILLA', '730001', 4.43890000, -75.23220000),
(284, 'URB. NUEVA COLOMBIA', '730001', 4.43890000, -75.23220000),
(285, 'URB. NUEVO ARMERO', '730001', 4.43890000, -75.23220000),
(286, 'URB. NUEVO COMBEIMA', '730001', 4.43890000, -75.23220000),
(287, 'URB. PORTAL DE ARKALA', '730001', 4.43890000, -75.23220000),
(288, 'URB. PROTECHO', '730001', 4.43890000, -75.23220000),
(289, 'URB. QUINTA AV', '730001', 4.43890000, -75.23220000),
(290, 'URB. TOLIMA GRANDE', '730001', 4.43896130, -75.18174560),
(291, 'URB. VASCONIA', '730001', 4.43890000, -75.23220000),
(292, 'URB. VASCONIA RESERVADO', '730001', 4.43890000, -75.23220000),
(293, 'URB. VILLA DEL NORTE', '730001', 4.43890000, -75.23220000),
(294, 'URB. VILLA DEL PALMAR', '730001', 4.43890000, -75.23220000),
(295, 'URB. VILLA DEL SOL', '730001', 4.43890000, -75.23220000),
(296, 'URB. VILLA ESPERANZA', '730001', 4.43890000, -75.23220000),
(297, 'URB. VILLA JARDIN', '730001', 4.43890000, -75.23220000),
(298, 'URB. VILLA LA PAZ', '730001', 4.43890000, -75.23220000),
(299, 'URB. VILLA MAGDALENA', '730001', 4.43890000, -75.23220000),
(300, 'URB. VILLA MARCELA', '730001', 4.43890000, -75.23220000),
(301, 'URB. VILLA VICENTINA', '730001', 4.43890000, -75.23220000),
(302, 'VILLA CRISTALES', '730001', 4.43890000, -75.23220000),
(303, 'YERBABUENA', '730001', 4.44317280, -75.17117610),
(304, '2 ETAPA DEL JORDAN', '730001', 4.44190630, -75.19739030),
(305, 'ALFONSO URIBE BADILLO', '730001', 4.43890000, -75.23220000),
(306, 'ALTAMIRA', '730001', 4.37428050, -75.34885820),
(307, 'APARCO', '730001', 4.38896120, -75.16831240),
(308, 'ARBOLEDA', '730001', 4.39478070, -75.14205320),
(309, 'ARKANIZA I', '730001', 4.43554910, -75.19081070),
(310, 'ARKANIZA II', '730001', 4.43734680, -75.19142440),
(311, 'ARKAPARAISO', '730001', 4.43890000, -75.23220000),
(312, 'BELLO HORIZONTE', '730001', 4.43890000, -75.23220000),
(313, 'BOSQUE DE LA ALAMEDA', '730001', 4.43890000, -75.23220000),
(314, 'CARRENALES', '730001', 4.43494950, -75.20140030),
(315, 'COND. LAS PALMERAS', '730001', 4.43890000, -75.23220000),
(316, 'CONJ. RESIDENCIAL VALPARAISO', '730001', 4.43890000, -75.23220000),
(317, 'EL TUNAL', '730001', 4.43890000, -75.23220000),
(318, 'HACIENDA PIEDRA PINTADA', '730001', 4.43890000, -75.23220000),
(319, 'JORDAN 3 ETAPA', '730001', 4.43609110, -75.20162950),
(320, 'JORDAN I ETAPA', '730001', 4.43514290, -75.19922960),
(321, 'LA FLORESTA', '730001', 4.44845060, -75.16197240),
(322, 'LOS TUNJOS', '730001', 4.40328490, -75.14758490),
(323, 'PICADELITA', '730001', 4.43890000, -75.23220000),
(324, 'PICALEDA', '730001', 4.43890000, -75.23220000),
(325, 'PORTAL DE LOS TUNJOS', '730001', 4.43890000, -75.23220000),
(326, 'RESERVAS DEL CAMPESTRE', '730001', 4.40292810, -75.15681520),
(327, 'RINCON DE LAS AMERICAS', '730001', 4.43890000, -75.23220000),
(328, 'RINCON DEL CAMPESTRE', '730001', 4.43890000, -75.23220000),
(329, 'SAN FRANCISCO', '730001', 4.44574870, -75.18868370),
(330, 'SAN REMO', '730001', 4.40931450, -75.15555340),
(331, 'URB. BOSQUE DE VARSOVIA', '730001', 4.43890000, -75.23220000),
(332, 'URB. CHAQUEN', '730001', 4.43890000, -75.23220000),
(333, 'URB. CIUDAD LUZ', '730001', 4.43890000, -75.23220000),
(334, 'URB. CONFENALCO', '730001', 4.43890000, -75.23220000),
(335, 'URB. COOPDIASAM', '730001', 4.42917380, -75.18728200),
(336, 'URB. CUTUCUMAY', '730001', 4.43890000, -75.23220000),
(337, 'URB. EL POBLADO', '730001', 4.43890000, -75.23220000),
(338, 'URB. LAS AMERICAS', '730001', 4.43890000, -75.23220000),
(339, 'URB. LAS FLORES', '730001', 4.43890000, -75.23220000),
(340, 'URB. LOS REMANSOS', '730001', 4.43890000, -75.23220000),
(341, 'URB. MIRAFLORES', '730001', 4.43890000, -75.23220000),
(342, 'URB. NUEVO HORIZONTE', '730001', 4.43890000, -75.23220000),
(343, 'URB. PORTAL CAMPESTRE', '730001', 4.43890000, -75.23220000),
(344, 'URB. PRADERAS DE SANTA RITA', '730001', 4.43890000, -75.23220000),
(345, 'URB. TAHITI', '730001', 4.43890000, -75.23220000),
(346, 'URB. VARSOVIA', '730001', 4.43890000, -75.23220000),
(347, 'URB. VILLA ARKADIA', '730001', 4.43890000, -75.23220000),
(348, 'URB. VILLA CAFE', '730001', 4.43890000, -75.23220000),
(349, 'URB. VILLA DE LA CANDELARIA', '730001', 4.43890000, -75.23220000),
(350, 'URB. VILLA LUZ', '730001', 4.43890000, -75.23220000),
(351, 'URB. VILLA YULI', '730001', 4.43890000, -75.23220000),
(352, 'VALPARAISO I', '730001', 4.43834900, -75.18971070),
(353, 'VALPARAISO II', '730001', 4.43834900, -75.18971070),
(354, 'VALPARAISO III', '730001', 4.43890000, -75.23220000),
(355, 'VALPARAISO IV', '730001', 4.43834900, -75.18971070),
(356, 'VERSALLES', '730001', 4.43078050, -75.20760270),
(357, 'VILLA CARVAJALITA', '730001', 4.43890000, -75.23220000),
(358, 'VILLA DEL PILAR', '730001', 4.43890000, -75.23220000),
(359, 'VILLA MARIA', '730001', 4.47241780, -75.20872570),
(360, 'VILLA NATALIA', '730001', 4.43890000, -75.23220000),
(361, 'ARKALENA', '730001', 4.43183830, -75.21186470),
(362, 'BOSQUES DE SANTA HELENA', '730001', 4.43890000, -75.23220000),
(363, 'BOYACA', '730001', 4.43201020, -75.21609600),
(364, 'CADIZ', '730001', 4.43742890, -75.21847870),
(365, 'CASA CLUB', '730001', 4.43081880, -75.21063390),
(366, 'CASTELLANA', '730001', 4.47305030, -75.11816030),
(367, 'CLARET', '730001', 4.43288420, -75.22509190),
(368, 'DEPARTAMENTAL', '730001', 4.44376820, -75.24213260),
(369, 'FEDERICO LLERAS', '730001', 4.43335740, -75.21896640),
(370, 'HIPODROMO', '730001', 4.43916540, -75.22512360),
(371, 'LA FRANCIA', '730001', 4.43436800, -75.22452930),
(372, 'LAS PALMAS', '730001', 4.43890000, -75.23220000),
(373, 'LAURELES', '730001', 4.37025920, -75.36415380),
(374, 'MACARENA PARTE ALTA', '730001', 4.43890000, -75.23220000),
(375, 'MACARENA PARTE BAJA', '730001', 4.43890000, -75.23220000),
(376, 'MAGISTERIO', '730001', 4.43664270, -75.21662800),
(377, 'METAIMA ALTA', '730001', 4.43890000, -75.23220000),
(378, 'METAIMA PARTE BAJA', '730001', 4.43890000, -75.23220000),
(379, 'MONTEALEGRE', '730001', 4.44325310, -75.23977860),
(380, 'NACIONAL', '730001', 4.43428950, -75.21748560),
(381, 'NACIONES UNIDAS', '730001', 4.42989110, -75.21988870),
(382, 'SAN CAYETANO', '730001', 4.43435510, -75.22133880),
(383, 'SANTA HELENA', '730001', 4.42867510, -75.21127120),
(384, 'SANTANDER', '730001', 4.43619810, -75.19734890),
(385, '12 DE OCTUBRE', '730001', 4.43890000, -75.23220000),
(386, 'ALTO DE LA CRUZ', '730001', 4.53836240, -75.21947070),
(387, 'AMERICA', '730001', 4.44431350, -75.23952920),
(388, 'ARADO', '730001', 4.43890000, -75.23220000),
(389, 'BOSQUE PARTE ALTA', '730001', 4.43890000, -75.23220000),
(390, 'BOSQUE PARTE BAJA', '730001', 4.43890000, -75.23220000),
(391, 'EL REFUGIO II', '730001', 4.43890000, -75.23220000),
(392, 'EL REFUGIO I', '730001', 4.43890000, -75.23220000),
(393, 'GARZON', '730001', 4.44663520, -75.24188030),
(394, 'INDEPENDIENTE', '730001', 4.43890000, -75.23220000),
(395, 'LA ISLA', '730001', 4.43802110, -75.23514420),
(396, 'LA MARTINICA', '730001', 4.40633170, -75.22548120),
(397, 'LAS BRISAS', '730001', 4.47635470, -75.10605030),
(398, 'LAS FERIAS', '730001', 4.43161820, -75.23152500),
(399, 'LIBERTAD', '730001', 4.43890000, -75.23220000),
(400, 'LOS MARTIRES', '730001', 4.43890000, -75.23220000),
(401, 'PEDON', '730001', 4.43890000, -75.23220000),
(402, 'POPULAR', '730001', 4.42774760, -75.21478210),
(403, 'RODRIGUEZ ANDRADE', '730001', 4.43890000, -75.23220000),
(404, 'SAN VICENTE DE PAUL', '730001', 4.45032150, -75.17953380),
(405, 'URIBE URIBE', '730001', 4.42526430, -75.21759630),
(406, 'VILLA DEL RIO', '730001', 4.43890000, -75.23220000),
(407, 'VILLA MARIA', '730001', 4.47241780, -75.20872570),
(408, 'ANDRES LOPEZ DE GALARZA', '730001', 4.42968630, -75.23700920),
(409, 'AVENIDA', '730001', 4.43756680, -75.24220790),
(410, 'COLONIAS DE ASPROVI', '730001', 4.43890000, -75.23220000),
(411, 'GALAN', '730001', 4.43226880, -75.24050300),
(412, 'INDUSTRIAL', '730001', 4.43781290, -75.23903880),
(413, 'KENEDDY', '730001', 4.43890000, -75.23220000),
(414, 'LA GAITANA', '730001', 4.43890000, -75.23220000),
(415, 'LA PRADERA', '730001', 4.42716390, -75.23594410),
(416, 'LA REFORMA', '730001', 5.08052440, -74.87823630),
(417, 'LAS VEGAS', '730001', 4.43322140, -75.23743310),
(418, 'MATALLANA', '730001', 4.43969700, -75.24165190),
(419, 'MURILLO TORO', '730001', 4.42980040, -75.21800310),
(420, 'RICAURTE', '730001', 4.43149890, -75.24394810),
(421, 'ROSA BADILLO', '730001', 4.43890000, -75.23220000),
(422, 'SANTOFIMIO', '730001', 4.43008270, -75.23576010),
(423, 'URB. ARKAIMA', '730001', 4.43890000, -75.23220000),
(424, 'URB. DIVINO NIÑO', '730001', 4.43890000, -75.23220000),
(425, 'URB. TERRAZAS DEL TEJAR', '730001', 4.43890000, -75.23220000),
(426, 'VENECIA', '730001', 4.43890000, -75.23220000),
(427, 'VILLA CLAUDIA', '730001', 4.43890000, -75.23220000),
(428, 'VILLA LUCES', '730001', 4.43890000, -75.23220000),
(429, 'YULDAIMA', '730001', 4.43552430, -75.24038830),
(430, 'ALBANIA', '730001', 4.43185890, -75.24573810),
(431, 'BOQUERON', '730001', 4.40764450, -75.25894950),
(432, 'CERRO GRANATE', '730001', 4.43890000, -75.23220000),
(433, 'COLINA 1', '730001', 4.44643770, -75.17470530),
(434, 'COLINA 2', '730001', 4.44643770, -75.17470530),
(435, 'DARIO ECHANDIA', '730001', 4.43206240, -75.22729080),
(436, 'GRANADA', '730001', 4.56334330, -75.28360410),
(437, 'ISLA', '730001', 4.32076180, -75.20539770),
(438, 'JAZMIN', '730001', 4.43345270, -75.24334870),
(439, 'LA UNION', '730001', 4.54041860, -75.16857550),
(440, 'MIRAMAR', '730001', 4.42381030, -75.25266160),
(441, 'SAN ISIDRO', '730001', 4.50796710, -75.07695580),
(442, 'TERRAZAS DE BOQUERON', '730001', 4.43890000, -75.23220000),
(443, 'VILLA MERY', '730001', 4.41377190, -75.26441650);

-- --------------------------------------------------------

--
-- Estructura de tabla para la tabla `bus`
--

CREATE TABLE `bus` (
  `placa` varchar(15) NOT NULL,
  `NIT` bigint(20) UNSIGNED DEFAULT NULL,
  `modelo` varchar(50) DEFAULT NULL,
  `capacidad_pasajeros` int(11) DEFAULT NULL,
  `kilometraje` int(11) DEFAULT NULL,
  `id_estado` tinyint(3) UNSIGNED DEFAULT NULL,
  `linc_transito` bigint(20) NOT NULL,
  `numero_chasis` varchar(17) NOT NULL,
  `numero_motor` varchar(20) NOT NULL,
  `doc_propietario` bigint(20) NOT NULL,
  `nombre_propietario` varchar(50) NOT NULL,
  `telefono` varchar(20) NOT NULL,
  `correo` varchar(150) NOT NULL
) ENGINE=InnoDB DEFAULT CHARSET=utf8mb4 COLLATE=utf8mb4_unicode_ci;

-- --------------------------------------------------------

--
-- Estructura de tabla para la tabla `cache`
--

CREATE TABLE `cache` (
  `key` varchar(255) NOT NULL,
  `value` mediumtext NOT NULL,
  `expiration` int(11) NOT NULL
) ENGINE=InnoDB DEFAULT CHARSET=utf8mb4 COLLATE=utf8mb4_unicode_ci;

-- --------------------------------------------------------

--
-- Estructura de tabla para la tabla `cache_locks`
--

CREATE TABLE `cache_locks` (
  `key` varchar(255) NOT NULL,
  `owner` varchar(255) NOT NULL,
  `expiration` int(11) NOT NULL
) ENGINE=InnoDB DEFAULT CHARSET=utf8mb4 COLLATE=utf8mb4_unicode_ci;

-- --------------------------------------------------------

--
-- Estructura de tabla para la tabla `ciudad`
--

CREATE TABLE `ciudad` (
  `id_ciudad` char(6) NOT NULL,
  `nombre_city` varchar(100) DEFAULT NULL,
  `id_departamento` char(2) NOT NULL
) ENGINE=InnoDB DEFAULT CHARSET=utf8mb4 COLLATE=utf8mb4_unicode_ci;

--
-- Volcado de datos para la tabla `ciudad`
--

INSERT INTO `ciudad` (`id_ciudad`, `nombre_city`, `id_departamento`) VALUES
('050001', 'MEDELLIN', '05'),
('050002', 'ABEJORRAL', '05'),
('050004', 'ABRIAQUI', '05'),
('050021', 'ALEJANDRIA', '05'),
('050030', 'AMAGA', '05'),
('050031', 'AMALFI', '05'),
('050034', 'ANDES', '05'),
('050036', 'ANGELOPOLIS', '05'),
('050038', 'ANGOSTURA', '05'),
('050040', 'ANORI', '05'),
('050042', 'SANTAFE DE ANTIOQUIA', '05'),
('050044', 'ANZA', '05'),
('050045', 'APARTADO', '05'),
('050051', 'ARBOLETES', '05'),
('050055', 'ARGELIA', '05'),
('050059', 'ARMENIA', '05'),
('050079', 'BARBOSA', '05'),
('050086', 'BELMIRA', '05'),
('050088', 'BELLO', '05'),
('050091', 'BETANIA', '05'),
('050093', 'BETULIA', '05'),
('050101', 'CIUDAD BOLIVAR', '05'),
('050107', 'BRICEÑO', '05'),
('050113', 'BURITICA', '05'),
('050120', 'CACERES', '05'),
('050125', 'CAICEDO', '05'),
('050129', 'CALDAS', '05'),
('050134', 'CAMPAMENTO', '05'),
('050138', 'CAÑASGORDAS', '05'),
('050142', 'CARACOLI', '05'),
('050145', 'CARAMANTA', '05'),
('050147', 'CAREPA', '05'),
('050148', 'EL CARMEN DE VIBORAL', '05'),
('050150', 'CAROLINA', '05'),
('050154', 'CAUCASIA', '05'),
('050172', 'CHIGORODO', '05'),
('050190', 'CISNEROS', '05'),
('050197', 'COCORNA', '05'),
('050206', 'CONCEPCION', '05'),
('050209', 'CONCORDIA', '05'),
('050212', 'COPACABANA', '05'),
('050234', 'DABEIBA', '05'),
('050237', 'DON MATIAS', '05'),
('050240', 'EBEJICO', '05'),
('050250', 'EL BAGRE', '05'),
('050264', 'ENTRERRIOS', '05'),
('050266', 'ENVIGADO', '05'),
('050282', 'FREDONIA', '05'),
('050284', 'FRONTINO', '05'),
('050306', 'GIRALDO', '05'),
('050308', 'GIRARDOTA', '05'),
('050310', 'GOMEZ PLATA', '05'),
('050313', 'GRANADA', '05'),
('050315', 'GUADALUPE', '05'),
('050318', 'GUARNE', '05'),
('050321', 'GUATAPE', '05'),
('050347', 'HELICONIA', '05'),
('050353', 'HISPANIA', '05'),
('050360', 'ITAGUI', '05'),
('050361', 'ITUANGO', '05'),
('050364', 'JARDIN', '05'),
('050368', 'JERICO', '05'),
('050376', 'LA CEJA', '05'),
('050380', 'LA ESTRELLA', '05'),
('050390', 'LA PINTADA', '05'),
('050400', 'LA UNION', '05'),
('050411', 'LIBORINA', '05'),
('050425', 'MACEO', '05'),
('050440', 'MARINILLA', '05'),
('050467', 'MONTEBELLO', '05'),
('050475', 'MURINDO', '05'),
('050480', 'MUTATA', '05'),
('050483', 'NARIÑO', '05'),
('050490', 'NECOCLI', '05'),
('050495', 'NECHI', '05'),
('050501', 'OLAYA', '05'),
('050541', 'PEÐOL', '05'),
('050543', 'PEQUE', '05'),
('050576', 'PUEBLORRICO', '05'),
('050579', 'PUERTO BERRIO', '05'),
('050585', 'PUERTO NARE', '05'),
('050591', 'PUERTO TRIUNFO', '05'),
('050604', 'REMEDIOS', '05'),
('050607', 'RETIRO', '05'),
('050615', 'RIONEGRO', '05'),
('050628', 'SABANALARGA', '05'),
('050631', 'SABANETA', '05'),
('050642', 'SALGAR', '05'),
('050647', 'SAN ANDRES DE CUERQUIA', '05'),
('050649', 'SAN CARLOS', '05'),
('050652', 'SAN FRANCISCO', '05'),
('050656', 'SAN JERONIMO', '05'),
('050658', 'SAN JOSE DE LA MONTAÑA', '05'),
('050659', 'SAN JUAN DE URABA', '05'),
('050660', 'SAN LUIS', '05'),
('050664', 'SAN PEDRO', '05'),
('050665', 'SAN PEDRO DE URABA', '05'),
('050667', 'SAN RAFAEL', '05'),
('050670', 'SAN ROQUE', '05'),
('050674', 'SAN VICENTE', '05'),
('050679', 'SANTA BARBARA', '05'),
('050686', 'SANTA ROSA DE OSOS', '05'),
('050690', 'SANTO DOMINGO', '05'),
('050697', 'EL SANTUARIO', '05'),
('050736', 'SEGOVIA', '05'),
('050756', 'SONSON', '05'),
('050761', 'SOPETRAN', '05'),
('050789', 'TAMESIS', '05'),
('050790', 'TARAZA', '05'),
('050792', 'TARSO', '05'),
('050809', 'TITIRIBI', '05'),
('050819', 'TOLEDO', '05'),
('050837', 'TURBO', '05'),
('050842', 'URAMITA', '05'),
('050847', 'URRAO', '05'),
('050854', 'VALDIVIA', '05'),
('050856', 'VALPARAISO', '05'),
('050858', 'VEGACHI', '05'),
('050861', 'VENECIA', '05'),
('050873', 'VIGIA DEL FUERTE', '05'),
('050885', 'YALI', '05'),
('050887', 'YARUMAL', '05'),
('050890', 'YOLOMBO', '05'),
('050893', 'YONDO', '05'),
('050895', 'ZARAGOZA', '05'),
('080001', 'BARRANQUILLA', '08'),
('080078', 'BARANOA', '08'),
('080137', 'CAMPO DE LA CRUZ', '08'),
('080141', 'CANDELARIA', '08'),
('080296', 'GALAPA', '08'),
('080372', 'JUAN DE ACOSTA', '08'),
('080421', 'LURUACO', '08'),
('080433', 'MALAMBO', '08'),
('080436', 'MANATI', '08'),
('080520', 'PALMAR DE VARELA', '08'),
('080549', 'PIOJO', '08'),
('080558', 'POLONUEVO', '08'),
('080560', 'PONEDERA', '08'),
('080573', 'PUERTO COLOMBIA', '08'),
('080606', 'REPELON', '08'),
('080634', 'SABANAGRANDE', '08'),
('080638', 'SABANALARGA', '08'),
('080675', 'SANTA LUCIA', '08'),
('080685', 'SANTO TOMAS', '08'),
('080758', 'SOLEDAD', '08'),
('080770', 'SUAN', '08'),
('080832', 'TUBARA', '08'),
('080849', 'USIACURI', '08'),
('110001', 'BOGOTA, D.C.', '11'),
('130001', 'CARTAGENA', '13'),
('130006', 'ACHI', '13'),
('130030', 'ALTOS DEL ROSARIO', '13'),
('130042', 'ARENAL', '13'),
('130052', 'ARJONA', '13'),
('130062', 'ARROYOHONDO', '13'),
('130074', 'BARRANCO DE LOBA', '13'),
('130140', 'CALAMAR', '13'),
('130160', 'CANTAGALLO', '13'),
('130188', 'CICUCO', '13'),
('130212', 'CORDOBA', '13'),
('130222', 'CLEMENCIA', '13'),
('130244', 'EL CARMEN DE BOLIVAR', '13'),
('130248', 'EL GUAMO', '13'),
('130268', 'EL PEÑON', '13'),
('130300', 'HATILLO DE LOBA', '13'),
('130430', 'MAGANGUE', '13'),
('130433', 'MAHATES', '13'),
('130440', 'MARGARITA', '13'),
('130442', 'MARIA LA BAJA', '13'),
('130458', 'MONTECRISTO', '13'),
('130468', 'MOMPOS', '13'),
('130473', 'MORALES', '13'),
('130490', 'NOROSI', '13'),
('130549', 'PINILLOS', '13'),
('130580', 'REGIDOR', '13'),
('130600', 'RIO VIEJO', '13'),
('130620', 'SAN CRISTOBAL', '13'),
('130647', 'SAN ESTANISLAO', '13'),
('130650', 'SAN FERNANDO', '13'),
('130654', 'SAN JACINTO', '13'),
('130655', 'SAN JACINTO DEL CAUCA', '13'),
('130657', 'SAN JUAN NEPOMUCENO', '13'),
('130667', 'SAN MARTIN DE LOBA', '13'),
('130670', 'SAN PABLO', '13'),
('130673', 'SANTA CATALINA', '13'),
('130683', 'SANTA ROSA', '13'),
('130688', 'SANTA ROSA DEL SUR', '13'),
('130744', 'SIMITI', '13'),
('130760', 'SOPLAVIENTO', '13'),
('130780', 'TALAIGUA NUEVO', '13'),
('130810', 'TIQUISIO', '13'),
('130836', 'TURBACO', '13'),
('130838', 'TURBANA', '13'),
('130873', 'VILLANUEVA', '13'),
('130894', 'ZAMBRANO', '13'),
('150001', 'TUNJA', '15'),
('150022', 'ALMEIDA', '15'),
('150047', 'AQUITANIA', '15'),
('150051', 'ARCABUCO', '15'),
('150087', 'BELEN', '15'),
('150090', 'BERBEO', '15'),
('150092', 'BETEITIVA', '15'),
('150097', 'BOAVITA', '15'),
('150104', 'BOYACA', '15'),
('150106', 'BRICEÑO', '15'),
('150109', 'BUENAVISTA', '15'),
('150114', 'BUSBANZA', '15'),
('150131', 'CALDAS', '15'),
('150135', 'CAMPOHERMOSO', '15'),
('150162', 'CERINZA', '15'),
('150172', 'CHINAVITA', '15'),
('150176', 'CHIQUINQUIRA', '15'),
('150180', 'CHISCAS', '15'),
('150183', 'CHITA', '15'),
('150185', 'CHITARAQUE', '15'),
('150187', 'CHIVATA', '15'),
('150189', 'CIENEGA', '15'),
('150204', 'COMBITA', '15'),
('150212', 'COPER', '15'),
('150215', 'CORRALES', '15'),
('150218', 'COVARACHIA', '15'),
('150223', 'CUBARA', '15'),
('150224', 'CUCAITA', '15'),
('150226', 'CUITIVA', '15'),
('150232', 'CHIQUIZA', '15'),
('150236', 'CHIVOR', '15'),
('150238', 'DUITAMA', '15'),
('150244', 'EL COCUY', '15'),
('150248', 'EL ESPINO', '15'),
('150272', 'FIRAVITOBA', '15'),
('150276', 'FLORESTA', '15'),
('150293', 'GACHANTIVA', '15'),
('150296', 'GAMEZA', '15'),
('150299', 'GARAGOA', '15'),
('150317', 'GUACAMAYAS', '15'),
('150322', 'GUATEQUE', '15'),
('150325', 'GUAYATA', '15'),
('150332', 'GsICAN', '15'),
('150362', 'IZA', '15'),
('150367', 'JENESANO', '15'),
('150368', 'JERICO', '15'),
('150377', 'LABRANZAGRANDE', '15'),
('150380', 'LA CAPILLA', '15'),
('150401', 'LA VICTORIA', '15'),
('150403', 'LA UVITA', '15'),
('150407', 'VILLA DE LEYVA', '15'),
('150425', 'MACANAL', '15'),
('150442', 'MARIPI', '15'),
('150455', 'MIRAFLORES', '15'),
('150464', 'MONGUA', '15'),
('150466', 'MONGUI', '15'),
('150469', 'MONIQUIRA', '15'),
('150476', 'MOTAVITA', '15'),
('150480', 'MUZO', '15'),
('150491', 'NOBSA', '15'),
('150494', 'NUEVO COLON', '15'),
('150500', 'OICATA', '15'),
('150507', 'OTANCHE', '15'),
('150511', 'PACHAVITA', '15'),
('150514', 'PAEZ', '15'),
('150516', 'PAIPA', '15'),
('150518', 'PAJARITO', '15'),
('150522', 'PANQUEBA', '15'),
('150531', 'PAUNA', '15'),
('150533', 'PAYA', '15'),
('150537', 'PAZ DE RIO', '15'),
('150542', 'PESCA', '15'),
('150550', 'PISBA', '15'),
('150572', 'PUERTO BOYACA', '15'),
('150580', 'QUIPAMA', '15'),
('150599', 'RAMIRIQUI', '15'),
('150600', 'RAQUIRA', '15'),
('150621', 'RONDON', '15'),
('150632', 'SABOYA', '15'),
('150638', 'SACHICA', '15'),
('150646', 'SAMACA', '15'),
('150660', 'SAN EDUARDO', '15'),
('150664', 'SAN JOSE DE PARE', '15'),
('150667', 'SAN LUIS DE GACENO', '15'),
('150673', 'SAN MATEO', '15'),
('150676', 'SAN MIGUEL DE SEMA', '15'),
('150681', 'SAN PABLO DE BORBUR', '15'),
('150686', 'SANTANA', '15'),
('150690', 'SANTA MARIA', '15'),
('150693', 'SANTA ROSA DE VITERBO', '15'),
('150696', 'SANTA SOFIA', '15'),
('150720', 'SATIVANORTE', '15'),
('150723', 'SATIVASUR', '15'),
('150740', 'SIACHOQUE', '15'),
('150753', 'SOATA', '15'),
('150755', 'SOCOTA', '15'),
('150757', 'SOCHA', '15'),
('150759', 'SOGAMOSO', '15'),
('150761', 'SOMONDOCO', '15'),
('150762', 'SORA', '15'),
('150763', 'SOTAQUIRA', '15'),
('150764', 'SORACA', '15'),
('150774', 'SUSACON', '15'),
('150776', 'SUTAMARCHAN', '15'),
('150778', 'SUTATENZA', '15'),
('150790', 'TASCO', '15'),
('150798', 'TENZA', '15'),
('150804', 'TIBANA', '15'),
('150806', 'TIBASOSA', '15'),
('150808', 'TINJACA', '15'),
('150810', 'TIPACOQUE', '15'),
('150814', 'TOCA', '15'),
('150816', 'TOGsI', '15'),
('150820', 'TOPAGA', '15'),
('150822', 'TOTA', '15'),
('150832', 'TUNUNGUA', '15'),
('150835', 'TURMEQUE', '15'),
('150837', 'TUTA', '15'),
('150839', 'TUTAZA', '15'),
('150842', 'UMBITA', '15'),
('150861', 'VENTAQUEMADA', '15'),
('150879', 'VIRACACHA', '15'),
('150897', 'ZETAQUIRA', '15'),
('170001', 'MANIZALES', '17'),
('170013', 'AGUADAS', '17'),
('170042', 'ANSERMA', '17'),
('170050', 'ARANZAZU', '17'),
('170088', 'BELALCAZAR', '17'),
('170174', 'CHINCHINA', '17'),
('170272', 'FILADELFIA', '17'),
('170380', 'LA DORADA', '17'),
('170388', 'LA MERCED', '17'),
('170433', 'MANZANARES', '17'),
('170442', 'MARMATO', '17'),
('170444', 'MARQUETALIA', '17'),
('170446', 'MARULANDA', '17'),
('170486', 'NEIRA', '17'),
('170495', 'NORCASIA', '17'),
('170513', 'PACORA', '17'),
('170524', 'PALESTINA', '17'),
('170541', 'PENSILVANIA', '17'),
('170614', 'RIOSUCIO', '17'),
('170616', 'RISARALDA', '17'),
('170653', 'SALAMINA', '17'),
('170662', 'SAMANA', '17'),
('170665', 'SAN JOSE', '17'),
('170777', 'SUPIA', '17'),
('170867', 'VICTORIA', '17'),
('170873', 'VILLAMARIA', '17'),
('170877', 'VITERBO', '17'),
('180001', 'FLORENCIA', '18'),
('180029', 'ALBANIA', '18'),
('180094', 'BELEN DE LOS ANDAQUIES', '18'),
('180150', 'CARTAGENA DEL CHAIRA', '18'),
('180205', 'CURILLO', '18'),
('180247', 'EL DONCELLO', '18'),
('180256', 'EL PAUJIL', '18'),
('180410', 'LA MONTAÑITA', '18'),
('180460', 'MILAN', '18'),
('180479', 'MORELIA', '18'),
('180592', 'PUERTO RICO', '18'),
('180610', 'SAN JOSE DEL FRAGUA', '18'),
('180753', 'SAN VICENTE DEL CAGUAN', '18'),
('180756', 'SOLANO', '18'),
('180785', 'SOLITA', '18'),
('180860', 'VALPARAISO', '18'),
('190001', 'POPAYAN', '19'),
('190022', 'ALMAGUER', '19'),
('190050', 'ARGELIA', '19'),
('190075', 'BALBOA', '19'),
('190100', 'BOLIVAR', '19'),
('190110', 'BUENOS AIRES', '19'),
('190130', 'CAJIBIO', '19'),
('190137', 'CALDONO', '19'),
('190142', 'CALOTO', '19'),
('190212', 'CORINTO', '19'),
('190256', 'EL TAMBO', '19'),
('190290', 'FLORENCIA', '19'),
('190300', 'GUACHENE', '19'),
('190318', 'GUAPI', '19'),
('190355', 'INZA', '19'),
('190364', 'JAMBALO', '19'),
('190392', 'LA SIERRA', '19'),
('190397', 'LA VEGA', '19'),
('190418', 'LOPEZ', '19'),
('190450', 'MERCADERES', '19'),
('190455', 'MIRANDA', '19'),
('190473', 'MORALES', '19'),
('190513', 'PADILLA', '19'),
('190517', 'PAEZ', '19'),
('190532', 'PATIA', '19'),
('190533', 'PIAMONTE', '19'),
('190548', 'PIENDAMO', '19'),
('190573', 'PUERTO TEJADA', '19'),
('190585', 'PURACE', '19'),
('190622', 'ROSAS', '19'),
('190693', 'SAN SEBASTIAN', '19'),
('190698', 'SANTANDER DE QUILICHAO', '19'),
('190701', 'SANTA ROSA', '19'),
('190743', 'SILVIA', '19'),
('190760', 'SOTARA', '19'),
('190780', 'SUAREZ', '19'),
('190785', 'SUCRE', '19'),
('190807', 'TIMBIO', '19'),
('190809', 'TIMBIQUI', '19'),
('190821', 'TORIBIO', '19'),
('190824', 'TOTORO', '19'),
('190845', 'VILLA RICA', '19'),
('200001', 'VALLEDUPAR', '20'),
('200011', 'AGUACHICA', '20'),
('200013', 'AGUSTIN CODAZZI', '20'),
('200032', 'ASTREA', '20'),
('200045', 'BECERRIL', '20'),
('200060', 'BOSCONIA', '20'),
('200175', 'CHIMICHAGUA', '20'),
('200178', 'CHIRIGUANA', '20'),
('200228', 'CURUMANI', '20'),
('200238', 'EL COPEY', '20'),
('200250', 'EL PASO', '20'),
('200295', 'GAMARRA', '20'),
('200310', 'GONZALEZ', '20'),
('200383', 'LA GLORIA', '20'),
('200400', 'LA JAGUA DE IBIRICO', '20'),
('200443', 'MANAURE', '20'),
('200517', 'PAILITAS', '20'),
('200550', 'PELAYA', '20'),
('200570', 'PUEBLO BELLO', '20'),
('200614', 'RIO DE ORO', '20'),
('200621', 'LA PAZ', '20'),
('200710', 'SAN ALBERTO', '20'),
('200750', 'SAN DIEGO', '20'),
('200770', 'SAN MARTIN', '20'),
('200787', 'TAMALAMEQUE', '20'),
('230001', 'MONTERIA', '23'),
('230068', 'AYAPEL', '23'),
('230079', 'BUENAVISTA', '23'),
('230090', 'CANALETE', '23'),
('230162', 'CERETE', '23'),
('230168', 'CHIMA', '23'),
('230182', 'CHINU', '23'),
('230189', 'CIENAGA DE ORO', '23'),
('230300', 'COTORRA', '23'),
('230350', 'LA APARTADA', '23'),
('230417', 'LORICA', '23'),
('230419', 'LOS CORDOBAS', '23'),
('230464', 'MOMIL', '23'),
('230466', 'MONTELIBANO', '23'),
('230500', 'MOÑITOS', '23'),
('230555', 'PLANETA RICA', '23'),
('230570', 'PUEBLO NUEVO', '23'),
('230574', 'PUERTO ESCONDIDO', '23'),
('230580', 'PUERTO LIBERTADOR', '23'),
('230586', 'PURISIMA', '23'),
('230660', 'SAHAGUN', '23'),
('230670', 'SAN ANDRES SOTAVENTO', '23'),
('230672', 'SAN ANTERO', '23'),
('230675', 'SAN BERNARDO DEL VIENTO', '23'),
('230678', 'SAN CARLOS', '23'),
('230686', 'SAN PELAYO', '23'),
('230807', 'TIERRALTA', '23'),
('230855', 'VALENCIA', '23'),
('250001', 'AGUA DE DIOS', '25'),
('250019', 'ALBAN', '25'),
('250035', 'ANAPOIMA', '25'),
('250040', 'ANOLAIMA', '25'),
('250053', 'ARBELAEZ', '25'),
('250086', 'BELTRAN', '25'),
('250095', 'BITUIMA', '25'),
('250099', 'BOJACA', '25'),
('250120', 'CABRERA', '25'),
('250123', 'CACHIPAY', '25'),
('250126', 'CAJICA', '25'),
('250148', 'CAPARRAPI', '25'),
('250151', 'CAQUEZA', '25'),
('250154', 'CARMEN DE CARUPA', '25'),
('250168', 'CHAGUANI', '25'),
('250175', 'CHIA', '25'),
('250178', 'CHIPAQUE', '25'),
('250181', 'CHOACHI', '25'),
('250183', 'CHOCONTA', '25'),
('250200', 'COGUA', '25'),
('250214', 'COTA', '25'),
('250224', 'CUCUNUBA', '25'),
('250245', 'EL COLEGIO', '25'),
('250258', 'EL PEÑON', '25'),
('250260', 'EL ROSAL', '25'),
('250269', 'FACATATIVA', '25'),
('250279', 'FOMEQUE', '25'),
('250281', 'FOSCA', '25'),
('250286', 'FUNZA', '25'),
('250288', 'FUQUENE', '25'),
('250290', 'FUSAGASUGA', '25'),
('250293', 'GACHALA', '25'),
('250295', 'GACHANCIPA', '25'),
('250297', 'GACHETA', '25'),
('250299', 'GAMA', '25'),
('250307', 'GIRARDOT', '25'),
('250312', 'GRANADA', '25'),
('250317', 'GUACHETA', '25'),
('250320', 'GUADUAS', '25'),
('250322', 'GUASCA', '25'),
('250324', 'GUATAQUI', '25'),
('250326', 'GUATAVITA', '25'),
('250328', 'GUAYABAL DE SIQUIMA', '25'),
('250335', 'GUAYABETAL', '25'),
('250339', 'GUTIERREZ', '25'),
('250368', 'JERUSALEN', '25'),
('250372', 'JUNIN', '25'),
('250377', 'LA CALERA', '25'),
('250386', 'LA MESA', '25'),
('250394', 'LA PALMA', '25'),
('250398', 'LA PEÑA', '25'),
('250402', 'LA VEGA', '25'),
('250407', 'LENGUAZAQUE', '25'),
('250426', 'MACHETA', '25'),
('250430', 'MADRID', '25'),
('250436', 'MANTA', '25'),
('250438', 'MEDINA', '25'),
('250473', 'MOSQUERA', '25'),
('250483', 'NARIÑO', '25'),
('250486', 'NEMOCON', '25'),
('250488', 'NILO', '25'),
('250489', 'NIMAIMA', '25'),
('250491', 'NOCAIMA', '25'),
('250506', 'VENECIA', '25'),
('250513', 'PACHO', '25'),
('250518', 'PAIME', '25'),
('250524', 'PANDI', '25'),
('250530', 'PARATEBUENO', '25'),
('250535', 'PASCA', '25'),
('250572', 'PUERTO SALGAR', '25'),
('250580', 'PULI', '25'),
('250592', 'QUEBRADANEGRA', '25'),
('250594', 'QUETAME', '25'),
('250596', 'QUIPILE', '25'),
('250599', 'APULO', '25'),
('250612', 'RICAURTE', '25'),
('250645', 'SAN ANTONIO DEL TEQUENDAMA', '25'),
('250649', 'SAN BERNARDO', '25'),
('250653', 'SAN CAYETANO', '25'),
('250658', 'SAN FRANCISCO', '25'),
('250662', 'SAN JUAN DE RIO SECO', '25'),
('250718', 'SASAIMA', '25'),
('250736', 'SESQUILE', '25'),
('250740', 'SIBATE', '25'),
('250743', 'SILVANIA', '25'),
('250745', 'SIMIJACA', '25'),
('250754', 'SOACHA', '25'),
('250758', 'SOPO', '25'),
('250769', 'SUBACHOQUE', '25'),
('250772', 'SUESCA', '25'),
('250777', 'SUPATA', '25'),
('250779', 'SUSA', '25'),
('250781', 'SUTATAUSA', '25'),
('250785', 'TABIO', '25'),
('250793', 'TAUSA', '25'),
('250797', 'TENA', '25'),
('250799', 'TENJO', '25'),
('250805', 'TIBACUY', '25'),
('250807', 'TIBIRITA', '25'),
('250815', 'TOCAIMA', '25'),
('250817', 'TOCANCIPA', '25'),
('250823', 'TOPAIPI', '25'),
('250839', 'UBALA', '25'),
('250841', 'UBAQUE', '25'),
('250843', 'VILLA DE SAN DIEGO DE UBATE', '25'),
('250845', 'UNE', '25'),
('250851', 'UTICA', '25'),
('250862', 'VERGARA', '25'),
('250867', 'VIANI', '25'),
('250871', 'VILLAGOMEZ', '25'),
('250873', 'VILLAPINZON', '25'),
('250875', 'VILLETA', '25'),
('250878', 'VIOTA', '25'),
('250885', 'YACOPI', '25'),
('250898', 'ZIPACON', '25'),
('250899', 'ZIPAQUIRA', '25'),
('270001', 'QUIBDO', '27'),
('270006', 'ACANDI', '27'),
('270025', 'ALTO BAUDO', '27'),
('270050', 'ATRATO', '27'),
('270073', 'BAGADO', '27'),
('270075', 'BAHIA SOLANO', '27'),
('270077', 'BAJO BAUDO', '27'),
('270099', 'BOJAYA', '27'),
('270135', 'EL CANTON DEL SAN PABLO', '27'),
('270150', 'CARMEN DEL DARIEN', '27'),
('270160', 'CERTEGUI', '27'),
('270205', 'CONDOTO', '27'),
('270245', 'EL CARMEN DE ATRATO', '27'),
('270250', 'EL LITORAL DEL SAN JUAN', '27'),
('270361', 'ISTMINA', '27'),
('270372', 'JURADO', '27'),
('270413', 'LLORO', '27'),
('270425', 'MEDIO ATRATO', '27'),
('270430', 'MEDIO BAUDO', '27'),
('270450', 'MEDIO SAN JUAN', '27'),
('270491', 'NOVITA', '27'),
('270495', 'NUQUI', '27'),
('270580', 'RIO IRO', '27'),
('270600', 'RIO QUITO', '27'),
('270615', 'RIOSUCIO', '27'),
('270660', 'SAN JOSE DEL PALMAR', '27'),
('270745', 'SIPI', '27'),
('270787', 'TADO', '27'),
('270800', 'UNGUIA', '27'),
('270810', 'UNION PANAMERICANA', '27'),
('410001', 'NEIVA', '41'),
('410006', 'ACEVEDO', '41'),
('410013', 'AGRADO', '41'),
('410016', 'AIPE', '41'),
('410020', 'ALGECIRAS', '41'),
('410026', 'ALTAMIRA', '41'),
('410078', 'BARAYA', '41'),
('410132', 'CAMPOALEGRE', '41'),
('410206', 'COLOMBIA', '41'),
('410244', 'ELIAS', '41'),
('410298', 'GARZON', '41'),
('410306', 'GIGANTE', '41'),
('410319', 'GUADALUPE', '41'),
('410349', 'HOBO', '41'),
('410357', 'IQUIRA', '41'),
('410359', 'ISNOS', '41'),
('410378', 'LA ARGENTINA', '41'),
('410396', 'LA PLATA', '41'),
('410483', 'NATAGA', '41'),
('410503', 'OPORAPA', '41'),
('410518', 'PAICOL', '41'),
('410524', 'PALERMO', '41'),
('410530', 'PALESTINA', '41'),
('410548', 'PITAL', '41'),
('410551', 'PITALITO', '41'),
('410615', 'RIVERA', '41'),
('410660', 'SALADOBLANCO', '41'),
('410668', 'SAN AGUSTIN', '41'),
('410676', 'SANTA MARIA', '41'),
('410770', 'SUAZA', '41'),
('410791', 'TARQUI', '41'),
('410797', 'TESALIA', '41'),
('410799', 'TELLO', '41'),
('410801', 'TERUEL', '41'),
('410807', 'TIMANA', '41'),
('410872', 'VILLAVIEJA', '41'),
('410885', 'YAGUARA', '41'),
('440001', 'RIOHACHA', '44'),
('440035', 'ALBANIA', '44'),
('440078', 'BARRANCAS', '44'),
('440090', 'DIBULLA', '44'),
('440098', 'DISTRACCION', '44'),
('440110', 'EL MOLINO', '44'),
('440279', 'FONSECA', '44'),
('440378', 'HATONUEVO', '44'),
('440420', 'LA JAGUA DEL PILAR', '44'),
('440430', 'MAICAO', '44'),
('440560', 'MANAURE', '44'),
('440650', 'SAN JUAN DEL CESAR', '44'),
('440847', 'URIBIA', '44'),
('440855', 'URUMITA', '44'),
('440874', 'VILLANUEVA', '44'),
('470001', 'SANTA MARTA', '47'),
('470030', 'ALGARROBO', '47'),
('470053', 'ARACATACA', '47'),
('470058', 'ARIGUANI', '47'),
('470161', 'CERRO SAN ANTONIO', '47'),
('470170', 'CHIBOLO', '47'),
('470189', 'CIENAGA', '47'),
('470205', 'CONCORDIA', '47'),
('470245', 'EL BANCO', '47'),
('470258', 'EL PIÑON', '47'),
('470268', 'EL RETEN', '47'),
('470288', 'FUNDACION', '47'),
('470318', 'GUAMAL', '47'),
('470460', 'NUEVA GRANADA', '47'),
('470541', 'PEDRAZA', '47'),
('470545', 'PIJIÑO DEL CARMEN', '47'),
('470551', 'PIVIJAY', '47'),
('470555', 'PLATO', '47'),
('470570', 'PUEBLOVIEJO', '47'),
('470605', 'REMOLINO', '47'),
('470660', 'SABANAS DE SAN ANGEL', '47'),
('470675', 'SALAMINA', '47'),
('470692', 'SAN SEBASTIAN DE BUENAVISTA', '47'),
('470703', 'SAN ZENON', '47'),
('470707', 'SANTA ANA', '47'),
('470720', 'SANTA BARBARA DE PINTO', '47'),
('470745', 'SITIONUEVO', '47'),
('470798', 'TENERIFE', '47'),
('470960', 'ZAPAYAN', '47'),
('470980', 'ZONA BANANERA', '47'),
('500001', 'VILLAVICENCIO', '50'),
('500006', 'ACACIAS', '50'),
('500110', 'BARRANCA DE UPIA', '50'),
('500124', 'CABUYARO', '50'),
('500150', 'CASTILLA LA NUEVA', '50'),
('500223', 'CUBARRAL', '50'),
('500226', 'CUMARAL', '50'),
('500245', 'EL CALVARIO', '50'),
('500251', 'EL CASTILLO', '50'),
('500270', 'EL DORADO', '50'),
('500287', 'FUENTE DE ORO', '50'),
('500313', 'GRANADA', '50'),
('500318', 'GUAMAL', '50'),
('500325', 'MAPIRIPAN', '50'),
('500330', 'MESETAS', '50'),
('500350', 'LA MACARENA', '50'),
('500370', 'URIBE', '50'),
('500400', 'LEJANIAS', '50'),
('500450', 'PUERTO CONCORDIA', '50'),
('500568', 'PUERTO GAITAN', '50'),
('500573', 'PUERTO LOPEZ', '50'),
('500577', 'PUERTO LLERAS', '50'),
('500590', 'PUERTO RICO', '50'),
('500606', 'RESTREPO', '50'),
('500680', 'SAN CARLOS DE GUAROA', '50'),
('500683', 'SAN JUAN DE ARAMA', '50'),
('500686', 'SAN JUANITO', '50'),
('500689', 'SAN MARTIN', '50'),
('500711', 'VISTAHERMOSA', '50'),
('520001', 'PASTO', '52'),
('520019', 'ALBAN', '52'),
('520022', 'ALDANA', '52'),
('520036', 'ANCUYA', '52'),
('520051', 'ARBOLEDA', '52'),
('520079', 'BARBACOAS', '52'),
('520083', 'BELEN', '52'),
('520110', 'BUESACO', '52'),
('520203', 'COLON', '52'),
('520207', 'CONSACA', '52'),
('520210', 'CONTADERO', '52'),
('520215', 'CORDOBA', '52'),
('520224', 'CUASPUD', '52'),
('520227', 'CUMBAL', '52'),
('520233', 'CUMBITARA', '52'),
('520240', 'CHACHAGsI', '52'),
('520250', 'EL CHARCO', '52'),
('520254', 'EL PEÑOL', '52'),
('520256', 'EL ROSARIO', '52'),
('520258', 'EL TABLON DE GOMEZ', '52'),
('520260', 'EL TAMBO', '52'),
('520287', 'FUNES', '52'),
('520317', 'GUACHUCAL', '52'),
('520320', 'GUAITARILLA', '52'),
('520323', 'GUALMATAN', '52'),
('520352', 'ILES', '52'),
('520354', 'IMUES', '52'),
('520356', 'IPIALES', '52'),
('520378', 'LA CRUZ', '52'),
('520381', 'LA FLORIDA', '52'),
('520385', 'LA LLANADA', '52'),
('520390', 'LA TOLA', '52'),
('520399', 'LA UNION', '52'),
('520405', 'LEIVA', '52'),
('520411', 'LINARES', '52'),
('520418', 'LOS ANDES', '52'),
('520427', 'MAGsI', '52'),
('520435', 'MALLAMA', '52'),
('520473', 'MOSQUERA', '52'),
('520480', 'NARIÑO', '52'),
('520490', 'OLAYA HERRERA', '52'),
('520506', 'OSPINA', '52'),
('520520', 'FRANCISCO PIZARRO', '52'),
('520540', 'POLICARPA', '52'),
('520560', 'POTOSI', '52'),
('520565', 'PROVIDENCIA', '52'),
('520573', 'PUERRES', '52'),
('520585', 'PUPIALES', '52'),
('520612', 'RICAURTE', '52'),
('520621', 'ROBERTO PAYAN', '52'),
('520678', 'SAMANIEGO', '52'),
('520683', 'SANDONA', '52'),
('520685', 'SAN BERNARDO', '52'),
('520687', 'SAN LORENZO', '52'),
('520693', 'SAN PABLO', '52'),
('520694', 'SAN PEDRO DE CARTAGO', '52'),
('520696', 'SANTA BARBARA', '52'),
('520699', 'SANTACRUZ', '52'),
('520720', 'SAPUYES', '52'),
('520786', 'TAMINANGO', '52'),
('520788', 'TANGUA', '52'),
('520835', 'SAN ANDRES DE TUMACO', '52'),
('520838', 'TUQUERRES', '52'),
('520885', 'YACUANQUER', '52'),
('540001', 'CUCUTA', '54'),
('540003', 'ABREGO', '54'),
('540051', 'ARBOLEDAS', '54'),
('540099', 'BOCHALEMA', '54'),
('540109', 'BUCARASICA', '54'),
('540125', 'CACOTA', '54'),
('540128', 'CACHIRA', '54'),
('540172', 'CHINACOTA', '54'),
('540174', 'CHITAGA', '54'),
('540206', 'CONVENCION', '54'),
('540223', 'CUCUTILLA', '54'),
('540239', 'DURANIA', '54'),
('540245', 'EL CARMEN', '54'),
('540250', 'EL TARRA', '54'),
('540261', 'EL ZULIA', '54'),
('540313', 'GRAMALOTE', '54'),
('540344', 'HACARI', '54'),
('540347', 'HERRAN', '54'),
('540377', 'LABATECA', '54'),
('540385', 'LA ESPERANZA', '54'),
('540398', 'LA PLAYA', '54'),
('540405', 'LOS PATIOS', '54'),
('540418', 'LOURDES', '54'),
('540480', 'MUTISCUA', '54'),
('540498', 'OCAÑA', '54'),
('540518', 'PAMPLONA', '54'),
('540520', 'PAMPLONITA', '54'),
('540553', 'PUERTO SANTANDER', '54'),
('540599', 'RAGONVALIA', '54'),
('540660', 'SALAZAR', '54'),
('540670', 'SAN CALIXTO', '54'),
('540673', 'SAN CAYETANO', '54'),
('540680', 'SANTIAGO', '54'),
('540720', 'SARDINATA', '54'),
('540743', 'SILOS', '54'),
('540800', 'TEORAMA', '54'),
('540810', 'TIBU', '54'),
('540820', 'TOLEDO', '54'),
('540871', 'VILLA CARO', '54'),
('540874', 'VILLA DEL ROSARIO', '54'),
('630001', 'ARMENIA', '63'),
('630111', 'BUENAVISTA', '63'),
('630130', 'CALARCA', '63'),
('630190', 'CIRCASIA', '63'),
('630212', 'CORDOBA', '63'),
('630272', 'FILANDIA', '63'),
('630302', 'GENOVA', '63'),
('630401', 'LA TEBAIDA', '63'),
('630470', 'MONTENEGRO', '63'),
('630548', 'PIJAO', '63'),
('630594', 'QUIMBAYA', '63'),
('630690', 'SALENTO', '63'),
('660001', 'PEREIRA', '66'),
('660045', 'APIA', '66'),
('660075', 'BALBOA', '66'),
('660088', 'BELEN DE UMBRIA', '66'),
('660170', 'DOSQUEBRADAS', '66'),
('660318', 'GUATICA', '66'),
('660383', 'LA CELIA', '66'),
('660400', 'LA VIRGINIA', '66'),
('660440', 'MARSELLA', '66'),
('660456', 'MISTRATO', '66'),
('660572', 'PUEBLO RICO', '66'),
('660594', 'QUINCHIA', '66'),
('660682', 'SANTA ROSA DE CABAL', '66'),
('660687', 'SANTUARIO', '66'),
('680001', 'BUCARAMANGA', '68'),
('680013', 'AGUADA', '68'),
('680020', 'ALBANIA', '68'),
('680051', 'ARATOCA', '68'),
('680077', 'BARBOSA', '68'),
('680079', 'BARICHARA', '68'),
('680081', 'BARRANCABERMEJA', '68'),
('680092', 'BETULIA', '68'),
('680101', 'BOLIVAR', '68'),
('680121', 'CABRERA', '68'),
('680132', 'CALIFORNIA', '68'),
('680147', 'CAPITANEJO', '68'),
('680152', 'CARCASI', '68'),
('680160', 'CEPITA', '68'),
('680162', 'CERRITO', '68'),
('680167', 'CHARALA', '68'),
('680169', 'CHARTA', '68'),
('680176', 'CHIMA', '68'),
('680179', 'CHIPATA', '68'),
('680190', 'CIMITARRA', '68'),
('680207', 'CONCEPCION', '68'),
('680209', 'CONFINES', '68'),
('680211', 'CONTRATACION', '68'),
('680217', 'COROMORO', '68'),
('680229', 'CURITI', '68'),
('680235', 'EL CARMEN DE CHUCURI', '68'),
('680245', 'EL GUACAMAYO', '68'),
('680250', 'EL PEÑON', '68'),
('680255', 'EL PLAYON', '68'),
('680264', 'ENCINO', '68'),
('680266', 'ENCISO', '68'),
('680271', 'FLORIAN', '68'),
('680276', 'FLORIDABLANCA', '68'),
('680296', 'GALAN', '68'),
('680298', 'GAMBITA', '68'),
('680307', 'GIRON', '68'),
('680318', 'GUACA', '68'),
('680320', 'GUADALUPE', '68'),
('680322', 'GUAPOTA', '68'),
('680324', 'GUAVATA', '68'),
('680327', 'GsEPSA', '68'),
('680344', 'HATO', '68'),
('680368', 'JESUS MARIA', '68'),
('680370', 'JORDAN', '68'),
('680377', 'LA BELLEZA', '68'),
('680385', 'LANDAZURI', '68'),
('680397', 'LA PAZ', '68'),
('680406', 'LEBRIJA', '68'),
('680418', 'LOS SANTOS', '68'),
('680425', 'MACARAVITA', '68'),
('680432', 'MALAGA', '68'),
('680444', 'MATANZA', '68'),
('680464', 'MOGOTES', '68'),
('680468', 'MOLAGAVITA', '68'),
('680498', 'OCAMONTE', '68'),
('680500', 'OIBA', '68'),
('680502', 'ONZAGA', '68'),
('680522', 'PALMAR', '68'),
('680524', 'PALMAS DEL SOCORRO', '68'),
('680533', 'PARAMO', '68'),
('680547', 'PIEDECUESTA', '68'),
('680549', 'PINCHOTE', '68'),
('680572', 'PUENTE NACIONAL', '68'),
('680573', 'PUERTO PARRA', '68'),
('680575', 'PUERTO WILCHES', '68'),
('680615', 'RIONEGRO', '68'),
('680655', 'SABANA DE TORRES', '68'),
('680669', 'SAN ANDRES', '68'),
('680673', 'SAN BENITO', '68'),
('680679', 'SAN GIL', '68'),
('680682', 'SAN JOAQUIN', '68'),
('680684', 'SAN JOSE DE MIRANDA', '68'),
('680686', 'SAN MIGUEL', '68'),
('680689', 'SAN VICENTE DE CHUCURI', '68'),
('680705', 'SANTA BARBARA', '68'),
('680720', 'SANTA HELENA DEL OPON', '68'),
('680745', 'SIMACOTA', '68'),
('680755', 'SOCORRO', '68'),
('680770', 'SUAITA', '68'),
('680773', 'SUCRE', '68'),
('680780', 'SURATA', '68'),
('680820', 'TONA', '68'),
('680855', 'VALLE DE SAN JOSE', '68'),
('680861', 'VELEZ', '68'),
('680867', 'VETAS', '68'),
('680872', 'VILLANUEVA', '68'),
('680895', 'ZAPATOCA', '68'),
('700001', 'SINCELEJO', '70'),
('700110', 'BUENAVISTA', '70'),
('700124', 'CAIMITO', '70'),
('700204', 'COLOSO', '70'),
('700215', 'COROZAL', '70'),
('700221', 'COVEÑAS', '70'),
('700230', 'CHALAN', '70'),
('700233', 'EL ROBLE', '70'),
('700235', 'GALERAS', '70'),
('700265', 'GUARANDA', '70'),
('700400', 'LA UNION', '70'),
('700418', 'LOS PALMITOS', '70'),
('700429', 'MAJAGUAL', '70'),
('700473', 'MORROA', '70'),
('700508', 'OVEJAS', '70'),
('700523', 'PALMITO', '70'),
('700670', 'SAMPUES', '70'),
('700678', 'SAN BENITO ABAD', '70'),
('700702', 'SAN JUAN DE BETULIA', '70'),
('700708', 'SAN MARCOS', '70'),
('700713', 'SAN ONOFRE', '70'),
('700717', 'SAN PEDRO', '70'),
('700742', 'SAN LUIS DE SINCE', '70'),
('700771', 'SUCRE', '70'),
('700820', 'SANTIAGO DE TOLU', '70'),
('700823', 'TOLU VIEJO', '70'),
('730001', 'IBAGUE', '73'),
('730024', 'ALPUJARRA', '73'),
('730026', 'ALVARADO', '73'),
('730030', 'AMBALEMA', '73'),
('730043', 'ANZOATEGUI', '73'),
('730055', 'ARMERO', '73'),
('730067', 'ATACO', '73'),
('730124', 'CAJAMARCA', '73'),
('730148', 'CARMEN DE APICALA', '73'),
('730152', 'CASABIANCA', '73'),
('730168', 'CHAPARRAL', '73'),
('730200', 'COELLO', '73'),
('730217', 'COYAIMA', '73'),
('730226', 'CUNDAY', '73'),
('730236', 'DOLORES', '73'),
('730268', 'ESPINAL', '73'),
('730270', 'FALAN', '73'),
('730275', 'FLANDES', '73'),
('730283', 'FRESNO', '73'),
('730319', 'GUAMO', '73'),
('730347', 'HERVEO', '73'),
('730349', 'HONDA', '73'),
('730352', 'ICONONZO', '73'),
('730408', 'LERIDA', '73'),
('730411', 'LIBANO', '73'),
('730443', 'MARIQUITA', '73'),
('730449', 'MELGAR', '73'),
('730461', 'MURILLO', '73'),
('730483', 'NATAGAIMA', '73'),
('730504', 'ORTEGA', '73'),
('730520', 'PALOCABILDO', '73'),
('730547', 'PIEDRAS', '73'),
('730555', 'PLANADAS', '73'),
('730563', 'PRADO', '73'),
('730585', 'PURIFICACION', '73'),
('730616', 'RIOBLANCO', '73'),
('730622', 'RONCESVALLES', '73'),
('730624', 'ROVIRA', '73'),
('730671', 'SALDAÑA', '73'),
('730675', 'SAN ANTONIO', '73'),
('730678', 'SAN LUIS', '73'),
('730686', 'SANTA ISABEL', '73'),
('730770', 'SUAREZ', '73'),
('730854', 'VALLE DE SAN JUAN', '73'),
('730861', 'VENADILLO', '73'),
('730870', 'VILLAHERMOSA', '73'),
('730873', 'VILLARRICA', '73'),
('760001', 'CALI', '76'),
('760020', 'ALCALA', '76'),
('760036', 'ANDALUCIA', '76'),
('760041', 'ANSERMANUEVO', '76'),
('760054', 'ARGELIA', '76'),
('760100', 'BOLIVAR', '76'),
('760109', 'BUENAVENTURA', '76'),
('760111', 'GUADALAJARA DE BUGA', '76'),
('760113', 'BUGALAGRANDE', '76'),
('760122', 'CAICEDONIA', '76'),
('760126', 'CALIMA', '76'),
('760130', 'CANDELARIA', '76'),
('760147', 'CARTAGO', '76'),
('760233', 'DAGUA', '76'),
('760243', 'EL AGUILA', '76'),
('760246', 'EL CAIRO', '76'),
('760248', 'EL CERRITO', '76'),
('760250', 'EL DOVIO', '76'),
('760275', 'FLORIDA', '76'),
('760306', 'GINEBRA', '76'),
('760318', 'GUACARI', '76'),
('760364', 'JAMUNDI', '76'),
('760377', 'LA CUMBRE', '76'),
('760400', 'LA UNION', '76'),
('760403', 'LA VICTORIA', '76'),
('760497', 'OBANDO', '76'),
('760520', 'PALMIRA', '76'),
('760563', 'PRADERA', '76'),
('760606', 'RESTREPO', '76'),
('760616', 'RIOFRIO', '76'),
('760622', 'ROLDANILLO', '76'),
('760670', 'SAN PEDRO', '76'),
('760736', 'SEVILLA', '76'),
('760823', 'TORO', '76'),
('760828', 'TRUJILLO', '76'),
('760834', 'TULUA', '76'),
('760845', 'ULLOA', '76'),
('760863', 'VERSALLES', '76'),
('760869', 'VIJES', '76'),
('760890', 'YOTOCO', '76'),
('760892', 'YUMBO', '76'),
('760895', 'ZARZAL', '76'),
('810001', 'ARAUCA', '81'),
('810065', 'ARAUQUITA', '81'),
('810220', 'CRAVO NORTE', '81'),
('810300', 'FORTUL', '81'),
('810591', 'PUERTO RONDON', '81'),
('810736', 'SARAVENA', '81'),
('810794', 'TAME', '81'),
('850001', 'YOPAL', '85'),
('850010', 'AGUAZUL', '85'),
('850015', 'CHAMEZA', '85'),
('850125', 'HATO COROZAL', '85'),
('850136', 'LA SALINA', '85'),
('850139', 'MANI', '85'),
('850162', 'MONTERREY', '85'),
('850225', 'NUNCHIA', '85'),
('850230', 'OROCUE', '85'),
('850250', 'PAZ DE ARIPORO', '85'),
('850263', 'PORE', '85'),
('850279', 'RECETOR', '85'),
('850300', 'SABANALARGA', '85'),
('850315', 'SACAMA', '85'),
('850325', 'SAN LUIS DE PALENQUE', '85'),
('850400', 'TAMARA', '85'),
('850410', 'TAURAMENA', '85'),
('850430', 'TRINIDAD', '85'),
('850440', 'VILLANUEVA', '85'),
('860001', 'MOCOA', '86'),
('860219', 'COLON', '86'),
('860320', 'ORITO', '86'),
('860568', 'PUERTO ASIS', '86'),
('860569', 'PUERTO CAICEDO', '86'),
('860571', 'PUERTO GUZMAN', '86'),
('860573', 'LEGUIZAMO', '86'),
('860749', 'SIBUNDOY', '86'),
('860755', 'SAN FRANCISCO', '86'),
('860757', 'SAN MIGUEL', '86'),
('860760', 'SANTIAGO', '86'),
('860865', 'VALLE DEL GUAMUEZ', '86'),
('860885', 'VILLAGARZON', '86'),
('880001', 'SAN ANDRES', '88'),
('880564', 'PROVIDENCIA', '88'),
('910001', 'LETICIA', '91'),
('910263', 'EL ENCANTO', '91'),
('910405', 'LA CHORRERA', '91'),
('910407', 'LA PEDRERA', '91'),
('910430', 'LA VICTORIA', '91'),
('910460', 'MIRITI - PARANA', '91'),
('910530', 'PUERTO ALEGRIA', '91'),
('910536', 'PUERTO ARICA', '91'),
('910540', 'PUERTO NARIÑO', '91'),
('910669', 'PUERTO SANTANDER', '91'),
('910798', 'TARAPACA', '91'),
('940001', 'INIRIDA', '94'),
('940343', 'BARRANCO MINAS', '94'),
('940663', 'MAPIRIPANA', '94'),
('940883', 'SAN FELIPE', '94'),
('940884', 'PUERTO COLOMBIA', '94'),
('940885', 'LA GUADALUPE', '94'),
('940886', 'CACAHUAL', '94'),
('940887', 'PANA PANA', '94'),
('940888', 'MORICHAL', '94'),
('950001', 'SAN JOSE DEL GUAVIARE', '95'),
('950015', 'CALAMAR', '95'),
('950025', 'EL RETORNO', '95'),
('950200', 'MIRAFLORES', '95'),
('970001', 'MITU', '97'),
('970161', 'CARURU', '97'),
('970511', 'PACOA', '97'),
('970666', 'TARAIRA', '97'),
('970777', 'PAPUNAUA', '97'),
('970889', 'YAVARATE', '97'),
('990001', 'PUERTO CARREÑO', '99'),
('990524', 'LA PRIMAVERA', '99'),
('990624', 'SANTA ROSALIA', '99'),
('990773', 'CUMARIBO', '99');

-- --------------------------------------------------------

--
-- Estructura de tabla para la tabla `concesion_ruta`
--

CREATE TABLE `concesion_ruta` (
  `id_concesion` bigint(20) UNSIGNED NOT NULL,
  `NIT` bigint(20) UNSIGNED NOT NULL,
  `id_ruta` int(11) NOT NULL,
  `fecha_inicio` date NOT NULL,
  `fecha_fin` date DEFAULT NULL,
  `id_estado` tinyint(3) UNSIGNED NOT NULL DEFAULT 1
) ENGINE=InnoDB DEFAULT CHARSET=utf8mb4 COLLATE=utf8mb4_unicode_ci;

-- --------------------------------------------------------

--
-- Estructura de tabla para la tabla `departamento`
--

CREATE TABLE `departamento` (
  `id_departamento` char(2) NOT NULL,
  `nombre_departamento` varchar(100) DEFAULT NULL
) ENGINE=InnoDB DEFAULT CHARSET=utf8mb4 COLLATE=utf8mb4_unicode_ci;

--
-- Volcado de datos para la tabla `departamento`
--

INSERT INTO `departamento` (`id_departamento`, `nombre_departamento`) VALUES
('05', 'ANTIOQUIA'),
('08', 'ATLANTICO'),
('11', 'BOGOTA'),
('12', 'CURCUMA'),
('13', 'BOLIVAR'),
('15', 'BOYACA'),
('17', 'CALDAS'),
('18', 'CAQUETA'),
('19', 'CAUCA'),
('20', 'CESAR'),
('23', 'CORDOBA'),
('25', 'CUNDINAMARCA'),
('27', 'CHOCO'),
('41', 'HUILA'),
('44', 'LA GUAJIRA'),
('47', 'MAGDALENA'),
('50', 'META'),
('52', 'NARIÑO'),
('54', 'NORTE DE SANTANDER'),
('63', 'QUINDIO'),
('66', 'RISARALDA'),
('68', 'SANTANDER'),
('70', 'SUCRE'),
('73', 'TOLIMA'),
('76', 'VALLE DEL CAUCA'),
('81', 'ARAUCA'),
('85', 'CASANARE'),
('86', 'PUTUMAYO'),
('88', 'SAN ANDRES'),
('91', 'AMAZONAS'),
('94', 'GUAINIA'),
('95', 'GUAVIARE'),
('97', 'VAUPES'),
('99', 'VICHADA');

-- --------------------------------------------------------

--
-- Estructura de tabla para la tabla `detalle_mantenimiento`
--

CREATE TABLE `detalle_mantenimiento` (
  `id_detalle` int(11) NOT NULL,
  `id_mantenimiento` int(11) DEFAULT NULL,
  `id_tipo_mantenimiento` int(11) DEFAULT NULL,
  `descripcion` text DEFAULT NULL,
  `evidencia_foto` varchar(300) DEFAULT NULL
) ENGINE=InnoDB DEFAULT CHARSET=utf8mb4 COLLATE=utf8mb4_unicode_ci;

-- --------------------------------------------------------

--
-- Estructura de tabla para la tabla `documentos`
--

CREATE TABLE `documentos` (
  `id_documento` bigint(20) NOT NULL,
  `nombre` varchar(150) NOT NULL,
  `archivo` varchar(255) NOT NULL,
  `fecha_expedicion` date NOT NULL,
  `fecha_vencimiento` date NOT NULL,
  `id_tipo_documento` int(11) NOT NULL,
  `doc_usuario` bigint(20) UNSIGNED DEFAULT NULL,
  `NIT` bigint(20) UNSIGNED DEFAULT NULL,
  `placa` varchar(15) DEFAULT NULL,
  `id_estado` tinyint(4) NOT NULL,
  `created_at` timestamp NULL DEFAULT current_timestamp(),
  `updated_at` timestamp NULL DEFAULT current_timestamp() ON UPDATE current_timestamp()
) ENGINE=InnoDB DEFAULT CHARSET=utf8mb4 COLLATE=utf8mb4_unicode_ci;

-- --------------------------------------------------------

--
-- Estructura de tabla para la tabla `empresa`
--

CREATE TABLE `empresa` (
  `NIT` bigint(20) UNSIGNED NOT NULL,
  `nombre_empresa` varchar(150) NOT NULL,
  `doc_representante` bigint(20) UNSIGNED NOT NULL,
  `primer_nombre_repre` varchar(50) NOT NULL,
  `segundo_nombre_repre` varchar(50) DEFAULT NULL,
  `primer_apellido_repre` varchar(50) NOT NULL,
  `segundo_apellido_repre` varchar(50) DEFAULT NULL,
  `telefono_representante` varchar(20) DEFAULT NULL,
  `correo_representante` varchar(150) DEFAULT NULL,
  `telefono_empresa` varchar(20) DEFAULT NULL,
  `correo_corporativo` varchar(150) DEFAULT NULL,
  `id_tipo_empresa` tinyint(4) NOT NULL,
  `id_ciudad` char(6) DEFAULT NULL,
  `id_estado` tinyint(3) UNSIGNED DEFAULT NULL,
  `fecha_creacion` datetime DEFAULT current_timestamp()
) ENGINE=InnoDB DEFAULT CHARSET=utf8mb4 COLLATE=utf8mb4_unicode_ci;

-- --------------------------------------------------------

--
-- Estructura de tabla para la tabla `estado`
--

CREATE TABLE `estado` (
  `id_estado` tinyint(3) UNSIGNED NOT NULL,
  `nombre_estado` varchar(50) DEFAULT NULL,
  `descripcion` varchar(255) DEFAULT NULL
) ENGINE=InnoDB DEFAULT CHARSET=utf8mb4 COLLATE=utf8mb4_unicode_ci;

--
-- Volcado de datos para la tabla `estado`
--

INSERT INTO `estado` (`id_estado`, `nombre_estado`, `descripcion`) VALUES
(1, 'ACTIVO', NULL),
(2, 'INACTIVO', NULL),
(3, 'SUSPENDIDO', NULL),
(4, 'EN MANTENIMIENTO', NULL),
(5, 'FINALIZADO', NULL),
(6, 'PENDIENTE', NULL),
(7, 'BLOQUEADA', NULL),
(8, 'VENCIDA', NULL),
(9, 'RENOVADA', NULL),
(10, 'RECHAZADO', NULL),
(11, 'ARCHIVADO', NULL);

-- --------------------------------------------------------

--
-- Estructura de tabla para la tabla `failed_jobs`
--

CREATE TABLE `failed_jobs` (
  `id` bigint(20) UNSIGNED NOT NULL,
  `uuid` varchar(255) NOT NULL,
  `connection` text NOT NULL,
  `queue` text NOT NULL,
  `payload` longtext NOT NULL,
  `exception` longtext NOT NULL,
  `failed_at` timestamp NOT NULL DEFAULT current_timestamp()
) ENGINE=InnoDB DEFAULT CHARSET=utf8mb4 COLLATE=utf8mb4_unicode_ci;

-- --------------------------------------------------------

--
-- Estructura de tabla para la tabla `gastos`
--

CREATE TABLE `gastos` (
  `id_gasto` bigint(20) UNSIGNED NOT NULL,
  `placa` varchar(15) NOT NULL,
  `fecha` date NOT NULL,
  `tipo_gasto` varchar(255) NOT NULL,
  `descripcion` text DEFAULT NULL,
  `valor` decimal(12,2) NOT NULL,
  `created_at` timestamp NULL DEFAULT NULL,
  `updated_at` timestamp NULL DEFAULT NULL
) ENGINE=InnoDB DEFAULT CHARSET=utf8mb4 COLLATE=utf8mb4_unicode_ci;

-- --------------------------------------------------------

--
-- Estructura de tabla para la tabla `historial_buses`
--

CREATE TABLE `historial_buses` (
  `id_historial` bigint(20) UNSIGNED NOT NULL,
  `placa` varchar(15) NOT NULL,
  `id_ruta` int(11) DEFAULT NULL,
  `doc_us` bigint(20) UNSIGNED DEFAULT NULL,
  `tipo_cambio` varchar(255) NOT NULL,
  `detalle` text DEFAULT NULL,
  `created_at` timestamp NOT NULL DEFAULT current_timestamp()
) ENGINE=InnoDB DEFAULT CHARSET=utf8mb4 COLLATE=utf8mb4_unicode_ci;

-- --------------------------------------------------------

--
-- Estructura de tabla para la tabla `historial_cambios_licencia`
--

CREATE TABLE `historial_cambios_licencia` (
  `id` bigint(20) UNSIGNED NOT NULL,
  `doc_conductor` varchar(20) NOT NULL,
  `fecha_anterior` date NOT NULL,
  `fecha_vencimiento_anterior` date DEFAULT NULL,
  `fecha_nueva` date NOT NULL,
  `fecha_vencimiento_nueva` date DEFAULT NULL,
  `usuario_modifica` varchar(20) NOT NULL,
  `created_at` timestamp NULL DEFAULT NULL,
  `updated_at` timestamp NULL DEFAULT NULL
) ENGINE=InnoDB DEFAULT CHARSET=utf8mb4 COLLATE=utf8mb4_unicode_ci;

-- --------------------------------------------------------

--
-- Estructura de tabla para la tabla `jobs`
--

CREATE TABLE `jobs` (
  `id` bigint(20) UNSIGNED NOT NULL,
  `queue` varchar(255) NOT NULL,
  `payload` longtext NOT NULL,
  `attempts` tinyint(3) UNSIGNED NOT NULL,
  `reserved_at` int(10) UNSIGNED DEFAULT NULL,
  `available_at` int(10) UNSIGNED NOT NULL,
  `created_at` int(10) UNSIGNED NOT NULL
) ENGINE=InnoDB DEFAULT CHARSET=utf8mb4 COLLATE=utf8mb4_unicode_ci;

-- --------------------------------------------------------

--
-- Estructura de tabla para la tabla `job_batches`
--

CREATE TABLE `job_batches` (
  `id` varchar(255) NOT NULL,
  `name` varchar(255) NOT NULL,
  `total_jobs` int(11) NOT NULL,
  `pending_jobs` int(11) NOT NULL,
  `failed_jobs` int(11) NOT NULL,
  `failed_job_ids` longtext NOT NULL,
  `options` mediumtext DEFAULT NULL,
  `cancelled_at` int(11) DEFAULT NULL,
  `created_at` int(11) NOT NULL,
  `finished_at` int(11) DEFAULT NULL
) ENGINE=InnoDB DEFAULT CHARSET=utf8mb4 COLLATE=utf8mb4_unicode_ci;

-- --------------------------------------------------------

--
-- Estructura de tabla para la tabla `licencias`
--

CREATE TABLE `licencias` (
  `id_licencia` varchar(20) NOT NULL,
  `NIT` bigint(20) UNSIGNED NOT NULL,
  `id_plan` int(11) NOT NULL,
  `fecha_inicio` date NOT NULL,
  `fecha_vencimiento` date NOT NULL,
  `id_estado` tinyint(3) UNSIGNED NOT NULL DEFAULT 1,
  `doc_super_admin` bigint(20) UNSIGNED DEFAULT NULL,
  `fecha_creacion` timestamp NOT NULL DEFAULT current_timestamp()
) ENGINE=InnoDB DEFAULT CHARSET=utf8mb4 COLLATE=utf8mb4_unicode_ci;

-- --------------------------------------------------------

--
-- Estructura de tabla para la tabla `mantenimiento`
--

CREATE TABLE `mantenimiento` (
  `id_mantenimiento` int(11) NOT NULL,
  `placa` varchar(15) DEFAULT NULL,
  `NIT` bigint(20) UNSIGNED DEFAULT NULL,
  `kilometraje` int(11) DEFAULT NULL,
  `fecha_mantenimiento` date DEFAULT NULL,
  `fecha_proximo` date DEFAULT NULL,
  `km_proximo` int(11) DEFAULT NULL,
  `costo_total` decimal(12,2) DEFAULT NULL,
  `id_estado` tinyint(3) UNSIGNED DEFAULT NULL
) ENGINE=InnoDB DEFAULT CHARSET=utf8mb4 COLLATE=utf8mb4_unicode_ci;

-- --------------------------------------------------------

--
-- Estructura de tabla para la tabla `migrations`
--

CREATE TABLE `migrations` (
  `id` int(10) UNSIGNED NOT NULL,
  `migration` varchar(255) NOT NULL,
  `batch` int(11) NOT NULL
) ENGINE=InnoDB DEFAULT CHARSET=utf8mb4 COLLATE=utf8mb4_unicode_ci;

--
-- Volcado de datos para la tabla `migrations`
--

INSERT INTO `migrations` (`id`, `migration`, `batch`) VALUES
(1, '0001_01_01_000001_create_cache_table', 1),
(2, '0001_01_01_000002_create_jobs_table', 1),
(3, '2023_12_31_000000_create_estado_table', 1),
(4, '2023_12_31_000100_create_empresa_table', 1),
(5, '2024_01_01_000001_create_superadmin_and_licensing_tables', 1),
(6, '2024_01_01_000200_create_bus_table', 1),
(7, '2024_01_01_000300_create_documentos_table', 1),
(8, '2024_01_01_000400_create_ruta_table', 1),
(9, '2026_02_27_181711_fix_ruta_table_structure', 1),
(10, '2026_03_09_193459_create_asignacion_table', 1),
(11, '2026_03_09_193459_create_barrio_table', 1),
(12, '2026_03_09_193459_create_ciudad_table', 1),
(13, '2026_03_09_193459_create_departamento_table', 1),
(14, '2026_03_09_193459_create_detalle_mantenimiento_table', 1),
(15, '2026_03_09_193459_create_mantenimiento_table', 1),
(16, '2026_03_09_193459_create_password_reset_tokens_table', 1),
(17, '2026_03_09_193459_create_recarga_table', 1),
(18, '2026_03_09_193459_create_tarjeta_table', 1),
(19, '2026_03_09_193459_create_tipo_asignacion_table', 1),
(20, '2026_03_09_193459_create_tipo_documento_table', 1),
(21, '2026_03_09_193459_create_tipo_empresa_table', 1),
(22, '2026_03_09_193459_create_tipo_mantenimiento_table', 1),
(23, '2026_03_09_193459_create_tipo_usuario_table', 1),
(24, '2026_03_09_193459_create_usuario_table', 1),
(25, '2026_03_09_193459_create_venta_viaje_table', 1),
(26, '2026_03_09_193459_create_viaje_table', 1),
(27, '2026_03_09_193502_add_foreign_keys_to_asignacion_table', 1),
(28, '2026_03_09_193502_add_foreign_keys_to_barrio_table', 1),
(29, '2026_03_09_193502_add_foreign_keys_to_bus_table', 1),
(30, '2026_03_09_193502_add_foreign_keys_to_ciudad_table', 1),
(31, '2026_03_09_193502_add_foreign_keys_to_detalle_mantenimiento_table', 1),
(32, '2026_03_09_193502_add_foreign_keys_to_documentos_table', 1),
(33, '2026_03_09_193502_add_foreign_keys_to_empresa_table', 1),
(34, '2026_03_09_193502_add_foreign_keys_to_licencias_table', 1),
(35, '2026_03_09_193502_add_foreign_keys_to_mantenimiento_table', 1),
(36, '2026_03_09_193502_add_foreign_keys_to_planes_licencia_table', 1),
(37, '2026_03_09_193502_add_foreign_keys_to_recarga_table', 1),
(38, '2026_03_09_193502_add_foreign_keys_to_ruta_table', 1),
(39, '2026_03_09_193502_add_foreign_keys_to_super_administrador_table', 1),
(40, '2026_03_09_193502_add_foreign_keys_to_tarjeta_table', 1),
(41, '2026_03_09_193502_add_foreign_keys_to_usuario_table', 1),
(42, '2026_03_09_193502_add_foreign_keys_to_venta_viaje_table', 1),
(43, '2026_03_09_193502_add_foreign_keys_to_viaje_table', 1),
(44, '2026_03_09_212156_add_doc_usuario_to_tarjeta_table', 1),
(45, '2026_03_09_213500_create_afiliacion_table', 1),
(46, '2026_03_09_235303_add_foreign_keys_to_afiliacion_table', 1),
(47, '2026_03_09_235900_rename_nit_column_in_asignacion_table', 1),
(48, '2026_03_10_000001_drop_fk_id_tarjeta_from_recarga', 1),
(49, '2026_03_10_000002_drop_fk_id_tarjeta_from_venta_viaje', 1),
(50, '2026_03_10_000100_modify_id_tarjeta_and_add_codigo_tarjeta', 1),
(51, '2026_03_10_000150_modify_id_tarjeta_in_recarga', 1),
(52, '2026_03_10_000200_add_fk_id_tarjeta_to_recarga', 1),
(53, '2026_03_10_201221_create_sessions_table', 1),
(54, '2026_03_12_221917_create_historial_buses_table', 1),
(55, '2026_03_12_223242_create_gastos_table', 1),
(56, '2026_03_13_151725_add_detalle_to_historial_buses_table', 1),
(57, '2026_03_13_154258_create_recorridos_table', 1),
(58, '2026_03_13_191202_change_numero_motor_length_in_bus_table', 1),
(59, '2026_03_13_210209_add_coordinates_to_barrio_table', 1),
(60, '2026_03_16_104131_add_fecha_nacimiento_to_usuario_table', 1),
(61, '2026_03_16_174738_create_reportes_fallas_table', 1),
(62, '2026_03_18_000001_insert_controlador_tiempo_tipo_usuario', 1),
(63, '2026_03_18_182852_create_historial_cambios_licencia_table', 1),
(64, '2026_03_18_183358_add_vencimiento_to_historial_cambios_licencia_table', 1),
(65, '2026_03_19_172500_setup_asignacion_history_triggers', 1),
(66, '2026_03_19_175623_create_novedad_recorridos_table', 1),
(67, '2026_03_19_214454_add_fecha_asignacion_to_viaje_table', 1),
(68, '2026_03_20_160153_normalize_recorridos_table', 1),
(69, '2026_03_23_055627_add_recharge_company_module_tables', 1),
(70, '2026_03_23_140313_add_gestor_to_recarga_table', 1),
(71, '2026_03_31_000001_remove_doc_usuario_from_tarjeta_table', 1),
(72, '2026_03_31_120000_create_concesion_ruta_table', 1),
(73, '2027_01_01_000000_structural_refactor_nit_and_rutas', 1),
(74, '2027_01_01_000100_create_titularidad_tarjeta_table', 1);

-- --------------------------------------------------------

--
-- Estructura de tabla para la tabla `novedad_recorridos`
--

CREATE TABLE `novedad_recorridos` (
  `id_novedad` bigint(20) UNSIGNED NOT NULL,
  `id_recorrido` bigint(20) UNSIGNED NOT NULL,
  `doc_controlador` bigint(20) UNSIGNED NOT NULL,
  `tipo` enum('CHECKPOINT','INCIDENCIA') NOT NULL DEFAULT 'CHECKPOINT',
  `descripcion` text DEFAULT NULL,
  `created_at` timestamp NULL DEFAULT NULL,
  `updated_at` timestamp NULL DEFAULT NULL
) ENGINE=InnoDB DEFAULT CHARSET=utf8mb4 COLLATE=utf8mb4_unicode_ci;

-- --------------------------------------------------------

--
-- Estructura de tabla para la tabla `password_reset_tokens`
--

CREATE TABLE `password_reset_tokens` (
  `email` varchar(255) NOT NULL,
  `token` varchar(255) NOT NULL,
  `created_at` timestamp NULL DEFAULT NULL
) ENGINE=InnoDB DEFAULT CHARSET=utf8mb4 COLLATE=utf8mb4_unicode_ci;

-- --------------------------------------------------------

--
-- Estructura de tabla para la tabla `planes_licencia`
--

CREATE TABLE `planes_licencia` (
  `id_plan` int(11) NOT NULL,
  `nombre_plan` varchar(50) NOT NULL,
  `duracion_meses` int(11) NOT NULL,
  `precio` decimal(12,2) NOT NULL,
  `descripcion` text NOT NULL,
  `id_estado` tinyint(3) UNSIGNED NOT NULL DEFAULT 1
) ENGINE=InnoDB DEFAULT CHARSET=utf8mb4 COLLATE=utf8mb4_unicode_ci;

--
-- Volcado de datos para la tabla `planes_licencia`
--

INSERT INTO `planes_licencia` (`id_plan`, `nombre_plan`, `duracion_meses`, `precio`, `descripcion`, `id_estado`) VALUES
(1, 'Plan Básico (1 Año)', 12, 1200000.00, 'Plan de suscripción de 1 año.', 1),
(2, 'Plan Intermedio (1.5 Años)', 18, 1700000.00, 'Plan de suscripción de 1 año y medio.', 1),
(3, 'Plan Avanzado (2 Años)', 24, 2200000.00, 'Plan de suscripción de 2 años.', 1),
(4, 'Plan Premium (3 Años)', 36, 2700000.00, 'Plan de suscripción de 3 años.', 1);

-- --------------------------------------------------------

--
-- Estructura de tabla para la tabla `recarga`
--

CREATE TABLE `recarga` (
  `id_recarga` bigint(20) UNSIGNED NOT NULL,
  `id_tarjeta` varchar(20) NOT NULL,
  `monto` decimal(10,2) NOT NULL,
  `doc_usuario_gestor` bigint(20) UNSIGNED DEFAULT NULL,
  `created_at` timestamp NOT NULL DEFAULT current_timestamp(),
  `updated_at` timestamp NOT NULL DEFAULT current_timestamp() ON UPDATE current_timestamp()
) ENGINE=InnoDB DEFAULT CHARSET=utf8mb4 COLLATE=utf8mb4_unicode_ci;

-- --------------------------------------------------------

--
-- Estructura de tabla para la tabla `recorridos`
--

CREATE TABLE `recorridos` (
  `id_recorrido` bigint(20) UNSIGNED NOT NULL,
  `id_viaje` bigint(20) UNSIGNED DEFAULT NULL,
  `sentido` enum('IDA','VUELTA') DEFAULT NULL,
  `hora_salida` datetime DEFAULT NULL,
  `hora_llegada` datetime DEFAULT NULL,
  `foto_torniquete` varchar(255) DEFAULT NULL,
  `created_at` timestamp NULL DEFAULT NULL,
  `updated_at` timestamp NULL DEFAULT NULL
) ENGINE=InnoDB DEFAULT CHARSET=utf8mb4 COLLATE=utf8mb4_unicode_ci;

-- --------------------------------------------------------

--
-- Estructura de tabla para la tabla `reportes_fallas`
--

CREATE TABLE `reportes_fallas` (
  `id_reporte` bigint(20) UNSIGNED NOT NULL,
  `placa` varchar(15) NOT NULL,
  `doc_usuario` bigint(20) UNSIGNED NOT NULL,
  `descripcion` text NOT NULL,
  `nivel_urgencia` enum('Bajo','Medio','Alto') NOT NULL DEFAULT 'Bajo',
  `id_estado` tinyint(3) UNSIGNED DEFAULT NULL,
  `created_at` timestamp NULL DEFAULT NULL,
  `updated_at` timestamp NULL DEFAULT NULL
) ENGINE=InnoDB DEFAULT CHARSET=utf8mb4 COLLATE=utf8mb4_unicode_ci;

-- --------------------------------------------------------

--
-- Estructura de tabla para la tabla `ruta`
--

CREATE TABLE `ruta` (
  `id_ruta` int(11) NOT NULL,
  `NIT` bigint(20) UNSIGNED DEFAULT NULL,
  `id_ciudad` char(6) NOT NULL,
  `codigo_ruta` varchar(50) NOT NULL,
  `id_barrio_origen` int(11) NOT NULL,
  `id_barrio_destino` int(11) NOT NULL,
  `id_estado` tinyint(3) UNSIGNED NOT NULL
) ENGINE=InnoDB DEFAULT CHARSET=utf8mb4 COLLATE=utf8mb4_unicode_ci;

--
-- Volcado de datos para la tabla `ruta`
--

INSERT INTO `ruta` (`id_ruta`, `NIT`, `id_ciudad`, `codigo_ruta`, `id_barrio_origen`, `id_barrio_destino`, `id_estado`) VALUES
(1, NULL, '730001', '1', 3, 16, 1),
(2, NULL, '730001', '2', 12, 13, 1),
(3, NULL, '730001', '4', 5, 6, 1),
(4, NULL, '730001', '6', 6, 8, 1),
(5, NULL, '730001', '8', 9, 7, 1),
(6, NULL, '730001', '9', 14, 15, 1),
(7, NULL, '730001', '11', 10, 11, 1),
(8, NULL, '730001', '14', 14, 12, 1),
(9, NULL, '730001', '15', 9, 8, 1),
(10, NULL, '730001', '17', 19, 8, 1),
(11, NULL, '730001', '18', 17, 16, 1),
(12, NULL, '730001', '19', 6, 18, 1),
(13, NULL, '730001', '20', 3, 20, 1),
(14, NULL, '730001', '21', 10, 12, 1),
(15, NULL, '730001', '22', 4, 7, 1),
(16, NULL, '730001', '23', 9, 5, 1),
(17, NULL, '730001', '24', 14, 15, 1),
(18, NULL, '730001', '28', 20, 17, 1),
(19, NULL, '730001', '29', 2, 1, 1),
(20, NULL, '730001', '31', 10, 12, 1);

-- --------------------------------------------------------

--
-- Estructura de tabla para la tabla `sessions`
--

CREATE TABLE `sessions` (
  `id` varchar(255) NOT NULL,
  `user_id` bigint(20) UNSIGNED DEFAULT NULL,
  `ip_address` varchar(45) DEFAULT NULL,
  `user_agent` text DEFAULT NULL,
  `payload` longtext NOT NULL,
  `last_activity` int(11) NOT NULL
) ENGINE=InnoDB DEFAULT CHARSET=utf8mb4 COLLATE=utf8mb4_unicode_ci;

-- --------------------------------------------------------

--
-- Estructura de tabla para la tabla `super_administrador`
--

CREATE TABLE `super_administrador` (
  `doc_super_admin` bigint(20) UNSIGNED NOT NULL,
  `nombre` varchar(100) NOT NULL,
  `correo` varchar(150) NOT NULL,
  `telefono` varchar(20) NOT NULL,
  `foto_perfil` varchar(255) DEFAULT NULL,
  `password` varchar(255) NOT NULL,
  `id_estado` tinyint(3) UNSIGNED NOT NULL DEFAULT 1,
  `fecha_creacion` timestamp NULL DEFAULT NULL,
  `updated_at` timestamp NULL DEFAULT NULL
) ENGINE=InnoDB DEFAULT CHARSET=utf8mb4 COLLATE=utf8mb4_unicode_ci;

--
-- Volcado de datos para la tabla `super_administrador`
--

INSERT INTO `super_administrador` (`doc_super_admin`, `nombre`, `correo`, `telefono`, `foto_perfil`, `password`, `id_estado`, `fecha_creacion`, `updated_at`) VALUES
(7521526, 'Luis Fernando', 'luisfvl2503colombia@gmail.com', '3009700956', NULL, '$2y$12$XwFkm9f2xy/4PPhehHeojOECNlCl2ZC8lerLeIM9DaOGSKS48Tjaa', 1, '2026-04-01 16:21:15', '2026-04-01 16:21:15'),
(78092026, 'Cesar Esquivel', 'esquivel7809@gmail.com', '3100000000', NULL, '$2y$12$d0gxVAngqYybzSLkk0doKuTFNiB.elnFwUrxEo28Te7rdeeMackla', 1, '2026-04-01 16:21:16', '2026-04-01 16:21:16'),
(1083884051, 'Derly Medina', 'derlymedina2807@gmail.com', '3001684566', NULL, '$2y$12$I9gKnr9aK46rhfqGL78MdeDB2bzfB3xHtQLaoy320hD1VwAly9MpC', 1, '2026-04-01 16:21:16', '2026-04-01 16:21:16'),
(1105463369, 'Juanes', 'juanitosexy09@gmail.com', '3228881996', NULL, '$2y$12$pfN2644r1SO92/W08PT7e.qw9qDK5BUXaVYTQ4CRibizvA95fx3Ku', 1, '2026-04-01 16:21:15', '2026-04-01 16:21:15');

-- --------------------------------------------------------

--
-- Estructura de tabla para la tabla `tarjeta`
--

CREATE TABLE `tarjeta` (
  `id_tarjeta` varchar(20) NOT NULL,
  `saldo` decimal(10,2) DEFAULT NULL,
  `codigo_tarjeta` varchar(30) NOT NULL,
  `id_estado` tinyint(3) UNSIGNED DEFAULT NULL
) ENGINE=InnoDB DEFAULT CHARSET=utf8mb4 COLLATE=utf8mb4_unicode_ci;

-- --------------------------------------------------------

--
-- Estructura de tabla para la tabla `tipo_asignacion`
--

CREATE TABLE `tipo_asignacion` (
  `id_tipo_asignacion` tinyint(4) NOT NULL,
  `nombre_tipo` varchar(50) DEFAULT NULL
) ENGINE=InnoDB DEFAULT CHARSET=utf8mb4 COLLATE=utf8mb4_unicode_ci;

--
-- Volcado de datos para la tabla `tipo_asignacion`
--

INSERT INTO `tipo_asignacion` (`id_tipo_asignacion`, `nombre_tipo`) VALUES
(1, 'ASIGNACION_DIRECTA'),
(3, 'ASIGNACION_RUTA'),
(4, 'HISTORIAL_VIAJE');

-- --------------------------------------------------------

--
-- Estructura de tabla para la tabla `tipo_documento`
--

CREATE TABLE `tipo_documento` (
  `id_tipo_documento` int(11) NOT NULL,
  `nombre` varchar(100) NOT NULL,
  `descripcion` varchar(255) DEFAULT NULL,
  `requiere_doc_usuario` tinyint(1) DEFAULT 0,
  `requiere_placa` tinyint(1) DEFAULT 0,
  `id_estado` tinyint(4) NOT NULL
) ENGINE=InnoDB DEFAULT CHARSET=utf8mb4 COLLATE=utf8mb4_unicode_ci;

--
-- Volcado de datos para la tabla `tipo_documento`
--

INSERT INTO `tipo_documento` (`id_tipo_documento`, `nombre`, `descripcion`, `requiere_doc_usuario`, `requiere_placa`, `id_estado`) VALUES
(1, 'SOAT', 'Seguro Obligatorio de Accidentes de Tránsito', 0, 1, 1),
(2, 'Técnico Mecánica', 'Certificado de revisión técnico-mecánica', 0, 1, 1),
(3, 'Licencia de Tránsito', 'Licencia de conducción del vehículo', 1, 0, 1);

-- --------------------------------------------------------

--
-- Estructura de tabla para la tabla `tipo_empresa`
--

CREATE TABLE `tipo_empresa` (
  `id_tipo_empresa` tinyint(4) NOT NULL,
  `nombre_tipo` varchar(50) DEFAULT NULL
) ENGINE=InnoDB DEFAULT CHARSET=utf8mb4 COLLATE=utf8mb4_unicode_ci;

--
-- Volcado de datos para la tabla `tipo_empresa`
--

INSERT INTO `tipo_empresa` (`id_tipo_empresa`, `nombre_tipo`) VALUES
(1, 'EMPRESA DE TRANSPORTE'),
(2, 'EMPRESA DE MANTENIMIENTO'),
(3, 'EMPRESA DE RECARGA'),
(4, 'SETP - SISTEMA ESTRATEGICO DE TRANSPORTE PUBLICO');

-- --------------------------------------------------------

--
-- Estructura de tabla para la tabla `tipo_mantenimiento`
--

CREATE TABLE `tipo_mantenimiento` (
  `id_tipo_mantenimiento` int(11) NOT NULL,
  `nombre` varchar(100) DEFAULT NULL
) ENGINE=InnoDB DEFAULT CHARSET=utf8mb4 COLLATE=utf8mb4_unicode_ci;

-- --------------------------------------------------------

--
-- Estructura de tabla para la tabla `tipo_usuario`
--

CREATE TABLE `tipo_usuario` (
  `id_tipo_usuario` tinyint(4) NOT NULL,
  `nombre_tipo` varchar(50) DEFAULT NULL
) ENGINE=InnoDB DEFAULT CHARSET=utf8mb4 COLLATE=utf8mb4_unicode_ci;

--
-- Volcado de datos para la tabla `tipo_usuario`
--

INSERT INTO `tipo_usuario` (`id_tipo_usuario`, `nombre_tipo`) VALUES
(1, 'ADMINISTRADOR'),
(2, 'Pasajero'),
(3, 'CONDUCTOR'),
(4, 'AUXILIAR EMPRESA'),
(5, 'PROPIETARIO'),
(6, 'SETP'),
(7, 'COORDINADOR BUS'),
(8, 'CONTROLADOR_TIEMPO'),
(9, 'JEFE DE MANTENIMIENTO'),
(10, 'ADMIN RECARGAS');

-- --------------------------------------------------------

--
-- Estructura de tabla para la tabla `titularidad_tarjeta`
--

CREATE TABLE `titularidad_tarjeta` (
  `id_titularidad_tarjeta` bigint(20) UNSIGNED NOT NULL,
  `id_tarjeta` varchar(20) NOT NULL,
  `doc_usuario` bigint(20) UNSIGNED NOT NULL,
  `fecha_inicio` date NOT NULL,
  `fecha_fin` date DEFAULT NULL,
  `id_estado` tinyint(3) UNSIGNED NOT NULL,
  `motivo_cambio` varchar(120) DEFAULT NULL
) ENGINE=InnoDB DEFAULT CHARSET=utf8mb4 COLLATE=utf8mb4_unicode_ci;

-- --------------------------------------------------------

--
-- Estructura de tabla para la tabla `usuario`
--

CREATE TABLE `usuario` (
  `doc_usuario` bigint(20) UNSIGNED NOT NULL,
  `NIT` bigint(20) UNSIGNED DEFAULT NULL,
  `primer_nombre` varchar(50) DEFAULT NULL,
  `segundo_nombre` varchar(50) DEFAULT NULL,
  `primer_apellido` varchar(50) DEFAULT NULL,
  `segundo_apellido` varchar(50) DEFAULT NULL,
  `correo` varchar(150) DEFAULT NULL,
  `password` varchar(255) DEFAULT NULL,
  `telefono` varchar(20) DEFAULT NULL,
  `fecha_nacimiento` date DEFAULT NULL,
  `foto_usuario` varchar(300) DEFAULT NULL,
  `id_tipo_usuario` tinyint(4) DEFAULT NULL,
  `id_ciudad` char(6) DEFAULT NULL,
  `id_estado` tinyint(3) UNSIGNED DEFAULT NULL
) ENGINE=InnoDB DEFAULT CHARSET=utf8mb4 COLLATE=utf8mb4_unicode_ci;

-- --------------------------------------------------------

--
-- Estructura de tabla para la tabla `venta_viaje`
--

CREATE TABLE `venta_viaje` (
  `id_venta` int(11) NOT NULL,
  `id_viaje` int(11) DEFAULT NULL,
  `id_tarjeta` varchar(20) DEFAULT NULL,
  `valor` decimal(10,2) DEFAULT NULL,
  `fecha` datetime DEFAULT NULL,
  `id_estado` tinyint(3) UNSIGNED DEFAULT NULL
) ENGINE=InnoDB DEFAULT CHARSET=utf8mb4 COLLATE=utf8mb4_unicode_ci;

-- --------------------------------------------------------

--
-- Estructura de tabla para la tabla `viaje`
--

CREATE TABLE `viaje` (
  `id_viaje` int(11) NOT NULL,
  `placa` varchar(15) DEFAULT NULL,
  `id_ruta` int(11) DEFAULT NULL,
  `doc_us` bigint(20) UNSIGNED DEFAULT NULL,
  `fecha` datetime DEFAULT NULL,
  `fecha_asignacion` datetime DEFAULT NULL,
  `id_estado` tinyint(3) UNSIGNED DEFAULT NULL
) ENGINE=InnoDB DEFAULT CHARSET=utf8mb4 COLLATE=utf8mb4_unicode_ci;

--
-- Disparadores `viaje`
--
DELIMITER $$
CREATE TRIGGER `after_viaje_insert` AFTER INSERT ON `viaje` FOR EACH ROW BEGIN
                DECLARE v_nit BIGINT;
                
                -- Obtener el NIT de la empresa dueña del bus
                SELECT NIT INTO v_nit FROM bus WHERE placa = NEW.placa LIMIT 1;
                
                -- Insertar en la tabla asignacion como historial
                INSERT INTO asignacion (
                    id_tipo_asignacion,
                    placa,
                    doc_usuario,
                    id_ruta,
                    fecha_inicio,
                    id_estado,
                    Nit
                ) VALUES (
                    4, 
                    NEW.placa, 
                    NEW.doc_us, 
                    NEW.id_ruta, 
                    DATE(NEW.fecha), 
                    NEW.id_estado, 
                    v_nit
                );
            END
$$
DELIMITER ;
DELIMITER $$
CREATE TRIGGER `after_viaje_update` AFTER UPDATE ON `viaje` FOR EACH ROW BEGIN
                -- Actualizar el estado en el historial si cambia en el viaje activo
                -- Esto permite saber si un viaje fue cancelado o terminado
                UPDATE asignacion 
                SET id_estado = NEW.id_estado,
                    id_ruta = NEW.id_ruta,
                    doc_usuario = NEW.doc_us
                WHERE placa = NEW.placa 
                  AND id_tipo_asignacion = 4 
                  AND DATE(fecha_inicio) = DATE(NEW.fecha);
            END
$$
DELIMITER ;

--
-- Índices para tablas volcadas
--

--
-- Indices de la tabla `afiliacion`
--
ALTER TABLE `afiliacion`
  ADD PRIMARY KEY (`id`),
  ADD KEY `afiliacion_placa_foreign` (`placa`),
  ADD KEY `afiliacion_nit_foreign` (`NIT`),
  ADD KEY `afiliacion_id_estado_foreign` (`id_estado`);

--
-- Indices de la tabla `asignacion`
--
ALTER TABLE `asignacion`
  ADD PRIMARY KEY (`id_asignacion`),
  ADD KEY `id_tipo_asignacion` (`id_tipo_asignacion`),
  ADD KEY `placa` (`placa`),
  ADD KEY `doc_usuario` (`doc_usuario`),
  ADD KEY `id_ruta` (`id_ruta`),
  ADD KEY `id_estado` (`id_estado`);

--
-- Indices de la tabla `barrio`
--
ALTER TABLE `barrio`
  ADD PRIMARY KEY (`id_barrio`),
  ADD KEY `id_ciudad` (`id_ciudad`);

--
-- Indices de la tabla `bus`
--
ALTER TABLE `bus`
  ADD PRIMARY KEY (`placa`),
  ADD KEY `nit` (`NIT`),
  ADD KEY `id_estado` (`id_estado`);

--
-- Indices de la tabla `cache`
--
ALTER TABLE `cache`
  ADD PRIMARY KEY (`key`),
  ADD KEY `cache_expiration_index` (`expiration`);

--
-- Indices de la tabla `cache_locks`
--
ALTER TABLE `cache_locks`
  ADD PRIMARY KEY (`key`),
  ADD KEY `cache_locks_expiration_index` (`expiration`);

--
-- Indices de la tabla `ciudad`
--
ALTER TABLE `ciudad`
  ADD PRIMARY KEY (`id_ciudad`),
  ADD KEY `id_departamento` (`id_departamento`);

--
-- Indices de la tabla `concesion_ruta`
--
ALTER TABLE `concesion_ruta`
  ADD PRIMARY KEY (`id_concesion`),
  ADD KEY `concesion_ruta_nit_foreign` (`NIT`),
  ADD KEY `concesion_ruta_id_ruta_foreign` (`id_ruta`),
  ADD KEY `concesion_ruta_id_estado_foreign` (`id_estado`);

--
-- Indices de la tabla `departamento`
--
ALTER TABLE `departamento`
  ADD PRIMARY KEY (`id_departamento`);

--
-- Indices de la tabla `detalle_mantenimiento`
--
ALTER TABLE `detalle_mantenimiento`
  ADD PRIMARY KEY (`id_detalle`),
  ADD KEY `id_mantenimiento` (`id_mantenimiento`),
  ADD KEY `id_tipo_mantenimiento` (`id_tipo_mantenimiento`);

--
-- Indices de la tabla `documentos`
--
ALTER TABLE `documentos`
  ADD PRIMARY KEY (`id_documento`),
  ADD KEY `fk_documentos_tipo` (`id_tipo_documento`),
  ADD KEY `fk_documentos_usuario` (`doc_usuario`),
  ADD KEY `fk_documentos_empresa` (`NIT`),
  ADD KEY `fk_documentos_bus` (`placa`);

--
-- Indices de la tabla `empresa`
--
ALTER TABLE `empresa`
  ADD PRIMARY KEY (`NIT`),
  ADD KEY `empresa_ibfk_3` (`id_tipo_empresa`),
  ADD KEY `id_ciudad` (`id_ciudad`),
  ADD KEY `id_estado` (`id_estado`);

--
-- Indices de la tabla `estado`
--
ALTER TABLE `estado`
  ADD PRIMARY KEY (`id_estado`);

--
-- Indices de la tabla `failed_jobs`
--
ALTER TABLE `failed_jobs`
  ADD PRIMARY KEY (`id`),
  ADD UNIQUE KEY `failed_jobs_uuid_unique` (`uuid`);

--
-- Indices de la tabla `gastos`
--
ALTER TABLE `gastos`
  ADD PRIMARY KEY (`id_gasto`),
  ADD KEY `gastos_placa_index` (`placa`);

--
-- Indices de la tabla `historial_buses`
--
ALTER TABLE `historial_buses`
  ADD PRIMARY KEY (`id_historial`),
  ADD KEY `historial_buses_placa_index` (`placa`),
  ADD KEY `historial_buses_id_ruta_index` (`id_ruta`),
  ADD KEY `historial_buses_doc_us_index` (`doc_us`);

--
-- Indices de la tabla `historial_cambios_licencia`
--
ALTER TABLE `historial_cambios_licencia`
  ADD PRIMARY KEY (`id`);

--
-- Indices de la tabla `jobs`
--
ALTER TABLE `jobs`
  ADD PRIMARY KEY (`id`),
  ADD KEY `jobs_queue_index` (`queue`);

--
-- Indices de la tabla `job_batches`
--
ALTER TABLE `job_batches`
  ADD PRIMARY KEY (`id`);

--
-- Indices de la tabla `licencias`
--
ALTER TABLE `licencias`
  ADD PRIMARY KEY (`id_licencia`),
  ADD KEY `licencias_ibfk_2` (`id_plan`),
  ADD KEY `licencias_ibfk_3` (`id_estado`),
  ADD KEY `licencias_ibfk_4` (`doc_super_admin`),
  ADD KEY `licencias_ibfk_5` (`NIT`);

--
-- Indices de la tabla `mantenimiento`
--
ALTER TABLE `mantenimiento`
  ADD PRIMARY KEY (`id_mantenimiento`),
  ADD KEY `placa` (`placa`),
  ADD KEY `fk_mantenimiento_empresa` (`NIT`),
  ADD KEY `id_estado` (`id_estado`);

--
-- Indices de la tabla `migrations`
--
ALTER TABLE `migrations`
  ADD PRIMARY KEY (`id`);

--
-- Indices de la tabla `novedad_recorridos`
--
ALTER TABLE `novedad_recorridos`
  ADD PRIMARY KEY (`id_novedad`),
  ADD KEY `novedad_recorridos_id_recorrido_foreign` (`id_recorrido`),
  ADD KEY `novedad_recorridos_doc_controlador_foreign` (`doc_controlador`);

--
-- Indices de la tabla `password_reset_tokens`
--
ALTER TABLE `password_reset_tokens`
  ADD PRIMARY KEY (`email`);

--
-- Indices de la tabla `planes_licencia`
--
ALTER TABLE `planes_licencia`
  ADD PRIMARY KEY (`id_plan`),
  ADD UNIQUE KEY `planes_licencia_nombre_plan_unique` (`nombre_plan`),
  ADD KEY `planes_licencia_ibfk_1` (`id_estado`);

--
-- Indices de la tabla `recarga`
--
ALTER TABLE `recarga`
  ADD PRIMARY KEY (`id_recarga`),
  ADD KEY `id_tarjeta` (`id_tarjeta`),
  ADD KEY `recarga_doc_usuario_gestor_foreign` (`doc_usuario_gestor`);

--
-- Indices de la tabla `recorridos`
--
ALTER TABLE `recorridos`
  ADD PRIMARY KEY (`id_recorrido`);

--
-- Indices de la tabla `reportes_fallas`
--
ALTER TABLE `reportes_fallas`
  ADD PRIMARY KEY (`id_reporte`),
  ADD KEY `fk_reportes_fallas_bus` (`placa`),
  ADD KEY `fk_reportes_fallas_usuario` (`doc_usuario`),
  ADD KEY `fk_reportes_fallas_estado` (`id_estado`);

--
-- Indices de la tabla `ruta`
--
ALTER TABLE `ruta`
  ADD PRIMARY KEY (`id_ruta`),
  ADD KEY `id_ciudad` (`id_ciudad`),
  ADD KEY `fk_ruta_barrio_origen` (`id_barrio_origen`),
  ADD KEY `fk_ruta_barrio_destino` (`id_barrio_destino`),
  ADD KEY `id_estado` (`id_estado`),
  ADD KEY `fk_ruta_empresa` (`NIT`);

--
-- Indices de la tabla `sessions`
--
ALTER TABLE `sessions`
  ADD PRIMARY KEY (`id`),
  ADD KEY `sessions_user_id_index` (`user_id`),
  ADD KEY `sessions_last_activity_index` (`last_activity`);

--
-- Indices de la tabla `super_administrador`
--
ALTER TABLE `super_administrador`
  ADD PRIMARY KEY (`doc_super_admin`),
  ADD UNIQUE KEY `super_administrador_correo_unique` (`correo`),
  ADD KEY `super_administrador_ibfk_1` (`id_estado`);

--
-- Indices de la tabla `tarjeta`
--
ALTER TABLE `tarjeta`
  ADD UNIQUE KEY `tarjeta_id_tarjeta_unique` (`id_tarjeta`),
  ADD KEY `id_estado` (`id_estado`);

--
-- Indices de la tabla `tipo_asignacion`
--
ALTER TABLE `tipo_asignacion`
  ADD PRIMARY KEY (`id_tipo_asignacion`);

--
-- Indices de la tabla `tipo_documento`
--
ALTER TABLE `tipo_documento`
  ADD PRIMARY KEY (`id_tipo_documento`);

--
-- Indices de la tabla `tipo_empresa`
--
ALTER TABLE `tipo_empresa`
  ADD PRIMARY KEY (`id_tipo_empresa`);

--
-- Indices de la tabla `tipo_mantenimiento`
--
ALTER TABLE `tipo_mantenimiento`
  ADD PRIMARY KEY (`id_tipo_mantenimiento`);

--
-- Indices de la tabla `tipo_usuario`
--
ALTER TABLE `tipo_usuario`
  ADD PRIMARY KEY (`id_tipo_usuario`);

--
-- Indices de la tabla `titularidad_tarjeta`
--
ALTER TABLE `titularidad_tarjeta`
  ADD PRIMARY KEY (`id_titularidad_tarjeta`),
  ADD KEY `tt_id_tarjeta_idx` (`id_tarjeta`),
  ADD KEY `tt_doc_usuario_idx` (`doc_usuario`),
  ADD KEY `tt_id_estado_idx` (`id_estado`);

--
-- Indices de la tabla `usuario`
--
ALTER TABLE `usuario`
  ADD PRIMARY KEY (`doc_usuario`),
  ADD KEY `usuario_ibfk_1` (`NIT`),
  ADD KEY `id_tipo_usuario` (`id_tipo_usuario`),
  ADD KEY `id_ciudad` (`id_ciudad`),
  ADD KEY `id_estado` (`id_estado`);

--
-- Indices de la tabla `venta_viaje`
--
ALTER TABLE `venta_viaje`
  ADD PRIMARY KEY (`id_venta`),
  ADD KEY `id_viaje` (`id_viaje`),
  ADD KEY `id_estado` (`id_estado`);

--
-- Indices de la tabla `viaje`
--
ALTER TABLE `viaje`
  ADD PRIMARY KEY (`id_viaje`),
  ADD KEY `placa` (`placa`),
  ADD KEY `id_ruta` (`id_ruta`),
  ADD KEY `doc_us` (`doc_us`),
  ADD KEY `id_estado` (`id_estado`);

--
-- AUTO_INCREMENT de las tablas volcadas
--

--
-- AUTO_INCREMENT de la tabla `afiliacion`
--
ALTER TABLE `afiliacion`
  MODIFY `id` bigint(20) UNSIGNED NOT NULL AUTO_INCREMENT;

--
-- AUTO_INCREMENT de la tabla `asignacion`
--
ALTER TABLE `asignacion`
  MODIFY `id_asignacion` int(11) NOT NULL AUTO_INCREMENT;

--
-- AUTO_INCREMENT de la tabla `barrio`
--
ALTER TABLE `barrio`
  MODIFY `id_barrio` int(11) NOT NULL AUTO_INCREMENT, AUTO_INCREMENT=444;

--
-- AUTO_INCREMENT de la tabla `concesion_ruta`
--
ALTER TABLE `concesion_ruta`
  MODIFY `id_concesion` bigint(20) UNSIGNED NOT NULL AUTO_INCREMENT;

--
-- AUTO_INCREMENT de la tabla `detalle_mantenimiento`
--
ALTER TABLE `detalle_mantenimiento`
  MODIFY `id_detalle` int(11) NOT NULL AUTO_INCREMENT;

--
-- AUTO_INCREMENT de la tabla `documentos`
--
ALTER TABLE `documentos`
  MODIFY `id_documento` bigint(20) NOT NULL AUTO_INCREMENT;

--
-- AUTO_INCREMENT de la tabla `failed_jobs`
--
ALTER TABLE `failed_jobs`
  MODIFY `id` bigint(20) UNSIGNED NOT NULL AUTO_INCREMENT;

--
-- AUTO_INCREMENT de la tabla `gastos`
--
ALTER TABLE `gastos`
  MODIFY `id_gasto` bigint(20) UNSIGNED NOT NULL AUTO_INCREMENT;

--
-- AUTO_INCREMENT de la tabla `historial_buses`
--
ALTER TABLE `historial_buses`
  MODIFY `id_historial` bigint(20) UNSIGNED NOT NULL AUTO_INCREMENT;

--
-- AUTO_INCREMENT de la tabla `historial_cambios_licencia`
--
ALTER TABLE `historial_cambios_licencia`
  MODIFY `id` bigint(20) UNSIGNED NOT NULL AUTO_INCREMENT;

--
-- AUTO_INCREMENT de la tabla `jobs`
--
ALTER TABLE `jobs`
  MODIFY `id` bigint(20) UNSIGNED NOT NULL AUTO_INCREMENT;

--
-- AUTO_INCREMENT de la tabla `mantenimiento`
--
ALTER TABLE `mantenimiento`
  MODIFY `id_mantenimiento` int(11) NOT NULL AUTO_INCREMENT;

--
-- AUTO_INCREMENT de la tabla `migrations`
--
ALTER TABLE `migrations`
  MODIFY `id` int(10) UNSIGNED NOT NULL AUTO_INCREMENT, AUTO_INCREMENT=75;

--
-- AUTO_INCREMENT de la tabla `novedad_recorridos`
--
ALTER TABLE `novedad_recorridos`
  MODIFY `id_novedad` bigint(20) UNSIGNED NOT NULL AUTO_INCREMENT;

--
-- AUTO_INCREMENT de la tabla `planes_licencia`
--
ALTER TABLE `planes_licencia`
  MODIFY `id_plan` int(11) NOT NULL AUTO_INCREMENT, AUTO_INCREMENT=5;

--
-- AUTO_INCREMENT de la tabla `recarga`
--
ALTER TABLE `recarga`
  MODIFY `id_recarga` bigint(20) UNSIGNED NOT NULL AUTO_INCREMENT;

--
-- AUTO_INCREMENT de la tabla `recorridos`
--
ALTER TABLE `recorridos`
  MODIFY `id_recorrido` bigint(20) UNSIGNED NOT NULL AUTO_INCREMENT;

--
-- AUTO_INCREMENT de la tabla `reportes_fallas`
--
ALTER TABLE `reportes_fallas`
  MODIFY `id_reporte` bigint(20) UNSIGNED NOT NULL AUTO_INCREMENT;

--
-- AUTO_INCREMENT de la tabla `tipo_asignacion`
--
ALTER TABLE `tipo_asignacion`
  MODIFY `id_tipo_asignacion` tinyint(4) NOT NULL AUTO_INCREMENT, AUTO_INCREMENT=5;

--
-- AUTO_INCREMENT de la tabla `tipo_documento`
--
ALTER TABLE `tipo_documento`
  MODIFY `id_tipo_documento` int(11) NOT NULL AUTO_INCREMENT, AUTO_INCREMENT=4;

--
-- AUTO_INCREMENT de la tabla `tipo_empresa`
--
ALTER TABLE `tipo_empresa`
  MODIFY `id_tipo_empresa` tinyint(4) NOT NULL AUTO_INCREMENT, AUTO_INCREMENT=5;

--
-- AUTO_INCREMENT de la tabla `tipo_mantenimiento`
--
ALTER TABLE `tipo_mantenimiento`
  MODIFY `id_tipo_mantenimiento` int(11) NOT NULL AUTO_INCREMENT;

--
-- AUTO_INCREMENT de la tabla `tipo_usuario`
--
ALTER TABLE `tipo_usuario`
  MODIFY `id_tipo_usuario` tinyint(4) NOT NULL AUTO_INCREMENT, AUTO_INCREMENT=11;

--
-- AUTO_INCREMENT de la tabla `titularidad_tarjeta`
--
ALTER TABLE `titularidad_tarjeta`
  MODIFY `id_titularidad_tarjeta` bigint(20) UNSIGNED NOT NULL AUTO_INCREMENT;

--
-- AUTO_INCREMENT de la tabla `venta_viaje`
--
ALTER TABLE `venta_viaje`
  MODIFY `id_venta` int(11) NOT NULL AUTO_INCREMENT;

--
-- Restricciones para tablas volcadas
--

--
-- Filtros para la tabla `afiliacion`
--
ALTER TABLE `afiliacion`
  ADD CONSTRAINT `afiliacion_id_estado_foreign` FOREIGN KEY (`id_estado`) REFERENCES `estado` (`id_estado`) ON DELETE NO ACTION,
  ADD CONSTRAINT `afiliacion_nit_foreign` FOREIGN KEY (`NIT`) REFERENCES `empresa` (`NIT`) ON DELETE NO ACTION,
  ADD CONSTRAINT `afiliacion_placa_foreign` FOREIGN KEY (`placa`) REFERENCES `bus` (`placa`) ON DELETE NO ACTION;

--
-- Filtros para la tabla `asignacion`
--
ALTER TABLE `asignacion`
  ADD CONSTRAINT `asignacion_ibfk_1` FOREIGN KEY (`id_tipo_asignacion`) REFERENCES `tipo_asignacion` (`id_tipo_asignacion`) ON DELETE NO ACTION ON UPDATE NO ACTION,
  ADD CONSTRAINT `asignacion_ibfk_2` FOREIGN KEY (`placa`) REFERENCES `bus` (`placa`) ON DELETE NO ACTION ON UPDATE NO ACTION,
  ADD CONSTRAINT `asignacion_ibfk_3` FOREIGN KEY (`doc_usuario`) REFERENCES `usuario` (`doc_usuario`) ON DELETE NO ACTION ON UPDATE NO ACTION,
  ADD CONSTRAINT `asignacion_ibfk_4` FOREIGN KEY (`id_ruta`) REFERENCES `ruta` (`id_ruta`) ON DELETE NO ACTION ON UPDATE NO ACTION,
  ADD CONSTRAINT `asignacion_ibfk_5` FOREIGN KEY (`id_estado`) REFERENCES `estado` (`id_estado`) ON DELETE NO ACTION ON UPDATE NO ACTION;

--
-- Filtros para la tabla `barrio`
--
ALTER TABLE `barrio`
  ADD CONSTRAINT `barrio_ibfk_1` FOREIGN KEY (`id_ciudad`) REFERENCES `ciudad` (`id_ciudad`) ON DELETE NO ACTION ON UPDATE NO ACTION;

--
-- Filtros para la tabla `bus`
--
ALTER TABLE `bus`
  ADD CONSTRAINT `bus_ibfk_2` FOREIGN KEY (`id_estado`) REFERENCES `estado` (`id_estado`) ON DELETE NO ACTION ON UPDATE NO ACTION,
  ADD CONSTRAINT `bus_ibfk_3` FOREIGN KEY (`NIT`) REFERENCES `empresa` (`NIT`) ON DELETE NO ACTION ON UPDATE NO ACTION,
  ADD CONSTRAINT `fk_bus_empresa` FOREIGN KEY (`NIT`) REFERENCES `empresa` (`NIT`) ON DELETE CASCADE ON UPDATE CASCADE,
  ADD CONSTRAINT `fk_bus_estado` FOREIGN KEY (`id_estado`) REFERENCES `estado` (`id_estado`) ON DELETE CASCADE ON UPDATE CASCADE;

--
-- Filtros para la tabla `ciudad`
--
ALTER TABLE `ciudad`
  ADD CONSTRAINT `ciudad_ibfk_1` FOREIGN KEY (`id_departamento`) REFERENCES `departamento` (`id_departamento`) ON DELETE NO ACTION ON UPDATE NO ACTION;

--
-- Filtros para la tabla `concesion_ruta`
--
ALTER TABLE `concesion_ruta`
  ADD CONSTRAINT `concesion_ruta_id_estado_foreign` FOREIGN KEY (`id_estado`) REFERENCES `estado` (`id_estado`),
  ADD CONSTRAINT `concesion_ruta_id_ruta_foreign` FOREIGN KEY (`id_ruta`) REFERENCES `ruta` (`id_ruta`) ON DELETE CASCADE,
  ADD CONSTRAINT `concesion_ruta_nit_foreign` FOREIGN KEY (`NIT`) REFERENCES `empresa` (`NIT`) ON DELETE CASCADE;

--
-- Filtros para la tabla `detalle_mantenimiento`
--
ALTER TABLE `detalle_mantenimiento`
  ADD CONSTRAINT `detalle_mantenimiento_ibfk_1` FOREIGN KEY (`id_mantenimiento`) REFERENCES `mantenimiento` (`id_mantenimiento`) ON DELETE NO ACTION ON UPDATE NO ACTION,
  ADD CONSTRAINT `detalle_mantenimiento_ibfk_2` FOREIGN KEY (`id_tipo_mantenimiento`) REFERENCES `tipo_mantenimiento` (`id_tipo_mantenimiento`) ON DELETE NO ACTION ON UPDATE NO ACTION;

--
-- Filtros para la tabla `documentos`
--
ALTER TABLE `documentos`
  ADD CONSTRAINT `documentos_ibfk_1` FOREIGN KEY (`NIT`) REFERENCES `empresa` (`NIT`) ON DELETE NO ACTION ON UPDATE NO ACTION,
  ADD CONSTRAINT `fk_documentos_bus` FOREIGN KEY (`placa`) REFERENCES `bus` (`placa`) ON DELETE SET NULL ON UPDATE CASCADE,
  ADD CONSTRAINT `fk_documentos_empresa` FOREIGN KEY (`NIT`) REFERENCES `empresa` (`NIT`) ON DELETE CASCADE ON UPDATE CASCADE,
  ADD CONSTRAINT `fk_documentos_tipo` FOREIGN KEY (`id_tipo_documento`) REFERENCES `tipo_documento` (`id_tipo_documento`) ON DELETE NO ACTION ON UPDATE CASCADE,
  ADD CONSTRAINT `fk_documentos_usuario` FOREIGN KEY (`doc_usuario`) REFERENCES `usuario` (`doc_usuario`) ON DELETE SET NULL ON UPDATE CASCADE;

--
-- Filtros para la tabla `empresa`
--
ALTER TABLE `empresa`
  ADD CONSTRAINT `empresa_ibfk_2` FOREIGN KEY (`id_estado`) REFERENCES `estado` (`id_estado`) ON DELETE NO ACTION ON UPDATE NO ACTION,
  ADD CONSTRAINT `empresa_ibfk_3` FOREIGN KEY (`id_tipo_empresa`) REFERENCES `tipo_empresa` (`id_tipo_empresa`) ON DELETE NO ACTION ON UPDATE NO ACTION,
  ADD CONSTRAINT `empresa_ibfk_4` FOREIGN KEY (`id_ciudad`) REFERENCES `ciudad` (`id_ciudad`) ON DELETE NO ACTION ON UPDATE NO ACTION;

--
-- Filtros para la tabla `licencias`
--
ALTER TABLE `licencias`
  ADD CONSTRAINT `licencias_doc_super_admin_foreign` FOREIGN KEY (`doc_super_admin`) REFERENCES `super_administrador` (`doc_super_admin`),
  ADD CONSTRAINT `licencias_ibfk_2` FOREIGN KEY (`id_plan`) REFERENCES `planes_licencia` (`id_plan`) ON DELETE NO ACTION ON UPDATE NO ACTION,
  ADD CONSTRAINT `licencias_ibfk_3` FOREIGN KEY (`id_estado`) REFERENCES `estado` (`id_estado`) ON DELETE NO ACTION ON UPDATE NO ACTION,
  ADD CONSTRAINT `licencias_ibfk_4` FOREIGN KEY (`doc_super_admin`) REFERENCES `super_administrador` (`doc_super_admin`) ON DELETE NO ACTION ON UPDATE NO ACTION,
  ADD CONSTRAINT `licencias_ibfk_5` FOREIGN KEY (`NIT`) REFERENCES `empresa` (`NIT`) ON DELETE NO ACTION ON UPDATE NO ACTION,
  ADD CONSTRAINT `licencias_id_estado_foreign` FOREIGN KEY (`id_estado`) REFERENCES `estado` (`id_estado`),
  ADD CONSTRAINT `licencias_id_plan_foreign` FOREIGN KEY (`id_plan`) REFERENCES `planes_licencia` (`id_plan`),
  ADD CONSTRAINT `licencias_nit_foreign` FOREIGN KEY (`NIT`) REFERENCES `empresa` (`NIT`) ON DELETE CASCADE;

--
-- Filtros para la tabla `mantenimiento`
--
ALTER TABLE `mantenimiento`
  ADD CONSTRAINT `mantenimiento_ibfk_1` FOREIGN KEY (`placa`) REFERENCES `bus` (`placa`) ON DELETE NO ACTION ON UPDATE NO ACTION,
  ADD CONSTRAINT `mantenimiento_ibfk_2` FOREIGN KEY (`id_estado`) REFERENCES `estado` (`id_estado`) ON DELETE NO ACTION ON UPDATE NO ACTION,
  ADD CONSTRAINT `mantenimiento_ibfk_3` FOREIGN KEY (`NIT`) REFERENCES `empresa` (`NIT`) ON DELETE NO ACTION ON UPDATE NO ACTION;

--
-- Filtros para la tabla `novedad_recorridos`
--
ALTER TABLE `novedad_recorridos`
  ADD CONSTRAINT `novedad_recorridos_doc_controlador_foreign` FOREIGN KEY (`doc_controlador`) REFERENCES `usuario` (`doc_usuario`),
  ADD CONSTRAINT `novedad_recorridos_id_recorrido_foreign` FOREIGN KEY (`id_recorrido`) REFERENCES `recorridos` (`id_recorrido`) ON DELETE CASCADE;

--
-- Filtros para la tabla `planes_licencia`
--
ALTER TABLE `planes_licencia`
  ADD CONSTRAINT `planes_licencia_ibfk_1` FOREIGN KEY (`id_estado`) REFERENCES `estado` (`id_estado`) ON DELETE NO ACTION ON UPDATE NO ACTION,
  ADD CONSTRAINT `planes_licencia_id_estado_foreign` FOREIGN KEY (`id_estado`) REFERENCES `estado` (`id_estado`);

--
-- Filtros para la tabla `recarga`
--
ALTER TABLE `recarga`
  ADD CONSTRAINT `recarga_doc_usuario_gestor_foreign` FOREIGN KEY (`doc_usuario_gestor`) REFERENCES `usuario` (`doc_usuario`) ON DELETE SET NULL,
  ADD CONSTRAINT `recarga_id_tarjeta_foreign` FOREIGN KEY (`id_tarjeta`) REFERENCES `tarjeta` (`id_tarjeta`) ON DELETE NO ACTION;

--
-- Filtros para la tabla `reportes_fallas`
--
ALTER TABLE `reportes_fallas`
  ADD CONSTRAINT `reportes_fallas_doc_usuario_foreign` FOREIGN KEY (`doc_usuario`) REFERENCES `usuario` (`doc_usuario`) ON DELETE NO ACTION ON UPDATE CASCADE,
  ADD CONSTRAINT `reportes_fallas_id_estado_foreign` FOREIGN KEY (`id_estado`) REFERENCES `estado` (`id_estado`) ON DELETE NO ACTION ON UPDATE CASCADE,
  ADD CONSTRAINT `reportes_fallas_placa_foreign` FOREIGN KEY (`placa`) REFERENCES `bus` (`placa`) ON DELETE NO ACTION ON UPDATE CASCADE;

--
-- Filtros para la tabla `ruta`
--
ALTER TABLE `ruta`
  ADD CONSTRAINT `fk_ruta_barrio_destino` FOREIGN KEY (`id_barrio_destino`) REFERENCES `barrio` (`id_barrio`) ON DELETE NO ACTION ON UPDATE CASCADE,
  ADD CONSTRAINT `fk_ruta_barrio_origen` FOREIGN KEY (`id_barrio_origen`) REFERENCES `barrio` (`id_barrio`) ON DELETE NO ACTION ON UPDATE CASCADE,
  ADD CONSTRAINT `fk_ruta_empresa` FOREIGN KEY (`NIT`) REFERENCES `empresa` (`NIT`) ON DELETE CASCADE ON UPDATE CASCADE,
  ADD CONSTRAINT `fk_ruta_estado` FOREIGN KEY (`id_estado`) REFERENCES `estado` (`id_estado`) ON DELETE CASCADE ON UPDATE CASCADE,
  ADD CONSTRAINT `ruta_ibfk_1` FOREIGN KEY (`id_estado`) REFERENCES `estado` (`id_estado`) ON DELETE NO ACTION ON UPDATE NO ACTION,
  ADD CONSTRAINT `ruta_ibfk_2` FOREIGN KEY (`id_ciudad`) REFERENCES `ciudad` (`id_ciudad`) ON DELETE NO ACTION ON UPDATE NO ACTION;

--
-- Filtros para la tabla `super_administrador`
--
ALTER TABLE `super_administrador`
  ADD CONSTRAINT `super_administrador_ibfk_1` FOREIGN KEY (`id_estado`) REFERENCES `estado` (`id_estado`) ON DELETE NO ACTION ON UPDATE NO ACTION,
  ADD CONSTRAINT `super_administrador_id_estado_foreign` FOREIGN KEY (`id_estado`) REFERENCES `estado` (`id_estado`);

--
-- Filtros para la tabla `tarjeta`
--
ALTER TABLE `tarjeta`
  ADD CONSTRAINT `tarjeta_ibfk_1` FOREIGN KEY (`id_estado`) REFERENCES `estado` (`id_estado`) ON DELETE NO ACTION ON UPDATE NO ACTION;

--
-- Filtros para la tabla `titularidad_tarjeta`
--
ALTER TABLE `titularidad_tarjeta`
  ADD CONSTRAINT `tt_fk_estado` FOREIGN KEY (`id_estado`) REFERENCES `estado` (`id_estado`) ON DELETE NO ACTION ON UPDATE NO ACTION,
  ADD CONSTRAINT `tt_fk_tarjeta` FOREIGN KEY (`id_tarjeta`) REFERENCES `tarjeta` (`id_tarjeta`) ON DELETE NO ACTION ON UPDATE NO ACTION,
  ADD CONSTRAINT `tt_fk_usuario` FOREIGN KEY (`doc_usuario`) REFERENCES `usuario` (`doc_usuario`) ON DELETE NO ACTION ON UPDATE NO ACTION;

--
-- Filtros para la tabla `usuario`
--
ALTER TABLE `usuario`
  ADD CONSTRAINT `fk_usuario_empresa` FOREIGN KEY (`NIT`) REFERENCES `empresa` (`NIT`) ON DELETE CASCADE ON UPDATE CASCADE,
  ADD CONSTRAINT `usuario_ibfk_2` FOREIGN KEY (`id_tipo_usuario`) REFERENCES `tipo_usuario` (`id_tipo_usuario`) ON DELETE NO ACTION ON UPDATE NO ACTION,
  ADD CONSTRAINT `usuario_ibfk_4` FOREIGN KEY (`id_estado`) REFERENCES `estado` (`id_estado`) ON DELETE NO ACTION ON UPDATE NO ACTION,
  ADD CONSTRAINT `usuario_ibfk_5` FOREIGN KEY (`NIT`) REFERENCES `empresa` (`NIT`) ON DELETE NO ACTION ON UPDATE NO ACTION,
  ADD CONSTRAINT `usuario_ibfk_6` FOREIGN KEY (`id_ciudad`) REFERENCES `ciudad` (`id_ciudad`) ON DELETE NO ACTION ON UPDATE NO ACTION;

--
-- Filtros para la tabla `venta_viaje`
--
ALTER TABLE `venta_viaje`
  ADD CONSTRAINT `venta_viaje_ibfk_1` FOREIGN KEY (`id_viaje`) REFERENCES `viaje` (`id_viaje`) ON DELETE NO ACTION ON UPDATE NO ACTION,
  ADD CONSTRAINT `venta_viaje_ibfk_3` FOREIGN KEY (`id_estado`) REFERENCES `estado` (`id_estado`) ON DELETE NO ACTION ON UPDATE NO ACTION;

--
-- Filtros para la tabla `viaje`
--
ALTER TABLE `viaje`
  ADD CONSTRAINT `fk_viaje_bus` FOREIGN KEY (`placa`) REFERENCES `bus` (`placa`) ON DELETE CASCADE ON UPDATE CASCADE,
  ADD CONSTRAINT `fk_viaje_ruta` FOREIGN KEY (`id_ruta`) REFERENCES `ruta` (`id_ruta`) ON DELETE CASCADE ON UPDATE CASCADE,
  ADD CONSTRAINT `viaje_ibfk_1` FOREIGN KEY (`placa`) REFERENCES `bus` (`placa`) ON DELETE NO ACTION ON UPDATE NO ACTION,
  ADD CONSTRAINT `viaje_ibfk_2` FOREIGN KEY (`id_ruta`) REFERENCES `ruta` (`id_ruta`) ON DELETE NO ACTION ON UPDATE NO ACTION,
  ADD CONSTRAINT `viaje_ibfk_3` FOREIGN KEY (`doc_us`) REFERENCES `usuario` (`doc_usuario`) ON DELETE NO ACTION ON UPDATE NO ACTION,
  ADD CONSTRAINT `viaje_ibfk_4` FOREIGN KEY (`id_estado`) REFERENCES `estado` (`id_estado`) ON DELETE NO ACTION ON UPDATE NO ACTION;
COMMIT;

/*!40101 SET CHARACTER_SET_CLIENT=@OLD_CHARACTER_SET_CLIENT */;
/*!40101 SET CHARACTER_SET_RESULTS=@OLD_CHARACTER_SET_RESULTS */;
/*!40101 SET COLLATION_CONNECTION=@OLD_COLLATION_CONNECTION */;
